game_id	section_id	team_id	team_name	team_url	period_scores
4267992	0	1245	Mount Olive	http://stats.ncaa.org/team/1245/12582	[25, 25, 22, 25, 3]
4267992	1	105	Cal Lutheran	http://stats.ncaa.org/team/105/12582	[9, 18, 25, 18, 1]
4267992	2		Ties		[0, 5, 0, 1, 6]
4267992	3		Lead changes		[0, 0, 0, 0, 0]
4268936	0	8981	Endicott	http://stats.ncaa.org/team/8981/12582	[23, 18, 13, 0]
4268936	1	329	Kean	http://stats.ncaa.org/team/329/12582	[25, 25, 25, 3]
4268936	2		Ties		[7, 10, 0, 17]
4268936	3		Lead changes		[3, 3, 0, 6]
4269092	0	1305	Cairn	http://stats.ncaa.org/team/1305/12582	[12, 21, 20, 0]
4269092	1	8981	Endicott	http://stats.ncaa.org/team/8981/12582	[25, 25, 25, 3]
4269092	2		Ties		[1, 3, 4, 8]
4269092	3		Lead changes		[1, 0, 1, 2]
4269351	0	296	Benedictine (IL)	http://stats.ncaa.org/team/296/12582	[16, 25, 25, 23, 14, 2]
4269351	1	329	Kean	http://stats.ncaa.org/team/329/12582	[25, 23, 20, 25, 16, 3]
4269351	2		Ties		[3, 1, 8, 1, 13, 26]
4269351	3		Lead changes		[1, 0, 2, 0, 5, 8]
4269376	0	292	Hunter	http://stats.ncaa.org/team/292/12582	[25, 25, 25, 3]
4269376	1	1305	Cairn	http://stats.ncaa.org/team/1305/12582	[20, 18, 12, 0]
4269376	2		Ties		[2, 2, 3, 7]
4269376	3		Lead changes		[1, 0, 1, 2]
4269381	0	1305	Cairn	http://stats.ncaa.org/team/1305/12582	[18, 18, 17, 0]
4269381	1	329	Kean	http://stats.ncaa.org/team/329/12582	[25, 25, 25, 3]
4269381	2		Ties		[7, 4, 7, 18]
4269381	3		Lead changes		[3, 1, 4, 8]
4269382	0	292	Hunter	http://stats.ncaa.org/team/292/12582	[25, 25, 22, 25, 3]
4269382	1	8981	Endicott	http://stats.ncaa.org/team/8981/12582	[16, 20, 25, 23, 1]
4269382	2		Ties		[4, 6, 2, 3, 15]
4269382	3		Lead changes		[0, 2, 1, 1, 4]
4269603	0	296	Benedictine (IL)	http://stats.ncaa.org/team/296/12582	[25, 15, 24, 27, 11, 2]
4269603	1	479	NYU	http://stats.ncaa.org/team/479/12582	[17, 25, 26, 25, 15, 3]
4269603	2		Ties		[13, 2, 11, 17, 4, 47]
4269603	3		Lead changes		[4, 0, 1, 7, 1, 13]
4270064	0		Clarke		[22, 19, 23, 0]
4270064	1	121	Carthage	http://stats.ncaa.org/team/121/12582	[25, 25, 25, 3]
4270064	2		Ties		[10, 2, 10, 22]
4270064	3		Lead changes		[3, 1, 3, 7]
4270873	0	30193	Emmanuel (GA)	http://stats.ncaa.org/team/30193/12582	[25, 25, 25, 3]
4270873	1	203	East. Mennonite	http://stats.ncaa.org/team/203/12582	[21, 23, 20, 0]
4270873	2		Ties		[12, 10, 9, 31]
4270873	3		Lead changes		[4, 5, 4, 13]
4270875	0	737	Vassar	http://stats.ncaa.org/team/737/12582	[20, 25, 15, 25, 1]
4270875	1		Hope Int'l		[25, 17, 25, 27, 3]
4270875	2		Ties		[7, 5, 6, 8, 26]
4270875	3		Lead changes		[3, 2, 3, 4, 12]
4270876	0	737	Vassar	http://stats.ncaa.org/team/737/12582	[25, 25, 25, 3]
4270876	1	105	Cal Lutheran	http://stats.ncaa.org/team/105/12582	[21, 21, 22, 0]
4270876	2		Ties		[10, 2, 6, 18]
4270876	3		Lead changes		[4, 0, 2, 6]
4270894	0	451	Mt. St. Vincent	http://stats.ncaa.org/team/451/12582	[23, 19, 25, 15, 1]
4270894	1	296	Benedictine (IL)	http://stats.ncaa.org/team/296/12582	[25, 25, 23, 25, 3]
4270894	2		Ties		[6, 1, 1, 9, 17]
4270894	3		Lead changes		[2, 1, 1, 5, 9]
4270895	0	451	Mt. St. Vincent	http://stats.ncaa.org/team/451/12582	[14, 26, 21, 22, 1]
4270895	1	329	Kean	http://stats.ncaa.org/team/329/12582	[25, 24, 25, 25, 3]
4270895	2		Ties		[5, 3, 11, 8, 27]
4270895	3		Lead changes		[2, 0, 5, 3, 10]
4270896	0	394	Marymount (VA)	http://stats.ncaa.org/team/394/12582	[22, 18, 25, 26, 1]
4270896	1	461	Nazareth	http://stats.ncaa.org/team/461/12582	[25, 25, 21, 28, 3]
4270896	2		Ties		[8, 3, 10, 12, 33]
4270896	3		Lead changes		[3, 1, 5, 4, 13]
4270897	0	394	Marymount (VA)	http://stats.ncaa.org/team/394/12582	[27, 25, 25, 25, 3]
4270897	1	213	Elmira	http://stats.ncaa.org/team/213/12582	[29, 20, 19, 18, 1]
4270897	2		Ties		[7, 3, 2, 2, 14]
4270897	3		Lead changes		[2, 1, 0, 1, 4]
4270898	0	296	Benedictine (IL)	http://stats.ncaa.org/team/296/12582	[19, 17, 20, 0]
4270898	1	292	Hunter	http://stats.ncaa.org/team/292/12582	[25, 25, 25, 3]
4270898	2		Ties		[4, 2, 2, 8]
4270898	3		Lead changes		[2, 1, 0, 3]
4270899	0	1305	Cairn	http://stats.ncaa.org/team/1305/12582	[22, 21, 24, 0]
4270899	1	451	Mt. St. Vincent	http://stats.ncaa.org/team/451/12582	[25, 25, 26, 3]
4270899	2		Ties		[7, 6, 10, 23]
4270899	3		Lead changes		[3, 4, 4, 11]
4270901	0	30172	IIT	http://stats.ncaa.org/team/30172/12582	[15, 21, 25, 0]
4270901	1	364	Loras	http://stats.ncaa.org/team/364/12582	[25, 25, 27, 3]
4270901	2		Ties		[0, 8, 8, 16]
4270901	3		Lead changes		[0, 5, 7, 12]
4270902	0		Mt. Mercy		[21, 21, 14, 0]
4270902	1	364	Loras	http://stats.ncaa.org/team/364/12582	[25, 25, 25, 3]
4270902	2		Ties		[9, 9, 4, 22]
4270902	3		Lead changes		[1, 4, 1, 6]
4270903	0	737	Vassar	http://stats.ncaa.org/team/737/12582	[17, 13, 20, 0]
4270903	1	113	UC Santa Cruz	http://stats.ncaa.org/team/113/12582	[25, 25, 25, 3]
4270903	2		Ties		[4, 0, 0, 4]
4270903	3		Lead changes		[0, 0, 0, 0]
4270917	0	673	Springfield	http://stats.ncaa.org/team/673/12582	[25, 22, 25, 25, 3]
4270917	1		Hope Int'l		[18, 25, 17, 23, 1]
4270917	2		Ties		[0, 6, 5, 9, 20]
4270917	3		Lead changes		[0, 1, 2, 3, 6]
4271561	0	30164	Southern Va.	http://stats.ncaa.org/team/30164/12582	[13, 27, 17, 0]
4271561	1	203	East. Mennonite	http://stats.ncaa.org/team/203/12582	[25, 29, 25, 3]
4271561	2		Ties		[0, 4, 0, 4]
4271561	3		Lead changes		[0, 1, 0, 1]
4271562	0	475	SUNY New Paltz	http://stats.ncaa.org/team/475/12582	[25, 23, 25, 14, 15, 3]
4271562	1	113	UC Santa Cruz	http://stats.ncaa.org/team/113/12582	[18, 25, 20, 25, 9, 2]
4271562	2		Ties		[0, 12, 7, 2, 1, 22]
4271562	3		Lead changes		[0, 5, 1, 0, 0, 6]
4271814	0	30193	Emmanuel (GA)	http://stats.ncaa.org/team/30193/12582	[27, 25, 19, 25, 1]
4271814	1	30164	Southern Va.	http://stats.ncaa.org/team/30164/12582	[25, 27, 25, 27, 3]
4271814	2		Ties		[13, 11, 1, 8, 33]
4271814	3		Lead changes		[2, 5, 1, 4, 12]
4271848	0	673	Springfield	http://stats.ncaa.org/team/673/12582	[23, 25, 25, 25, 11, 2]
4271848	1		Hope Int'l		[25, 14, 23, 27, 15, 3]
4271848	2		Ties		[12, 0, 4, 12, 2, 30]
4271848	3		Lead changes		[3, 0, 3, 4, 1, 11]
4271892	0	321	John Jay	http://stats.ncaa.org/team/321/12582	[15, 6, 11, 0]
4271892	1	329	Kean	http://stats.ncaa.org/team/329/12582	[25, 25, 25, 3]
4271892	2		Ties		[0, 0, 3, 3]
4271892	3		Lead changes		[0, 0, 0, 0]
4272520	0	58	Baruch	http://stats.ncaa.org/team/58/12582	[22, 18, 30, 0]
4272520	1	451	Mt. St. Vincent	http://stats.ncaa.org/team/451/12582	[25, 25, 32, 3]
4272520	2		Ties		[5, 7, 18, 30]
4272520	3		Lead changes		[1, 4, 9, 14]
4272807	0	475	SUNY New Paltz	http://stats.ncaa.org/team/475/12582	[14, 21, 17, 0]
4272807	1	30199	Concordia (CA)	http://stats.ncaa.org/team/30199/12582	[25, 25, 25, 3]
4272807	2		Ties		[5, 10, 3, 18]
4272807	3		Lead changes		[3, 4, 3, 10]
4272860	0	12973	Wilson	http://stats.ncaa.org/team/12973/12582	[25, 26, 25, 3]
4272860	1	962	Bard	http://stats.ncaa.org/team/962/12582	[18, 24, 21, 0]
4272860	2		Ties		[7, 7, 7, 21]
4272860	3		Lead changes		[2, 0, 4, 6]
4272883	0	329	Kean	http://stats.ncaa.org/team/329/12582	[20, 14, 19, 0]
4272883	1	471	NJIT	http://stats.ncaa.org/team/471/12582	[25, 25, 25, 3]
4272883	2		Ties		[14, 0, 2, 16]
4272883	3		Lead changes		[8, 0, 0, 8]
4272899	0	479	NYU	http://stats.ncaa.org/team/479/12582	[25, 25, 25, 3]
4272899	1	1332	Dominican (IL)	http://stats.ncaa.org/team/1332/12582	[17, 17, 21, 0]
4272899	2		Ties		[1, 4, 7, 12]
4272899	3		Lead changes		[1, 1, 3, 5]
4272991	0	475	SUNY New Paltz	http://stats.ncaa.org/team/475/12582	[25, 25, 15, 25, 3]
4272991	1	105	Cal Lutheran	http://stats.ncaa.org/team/105/12582	[17, 17, 25, 17, 1]
4272991	2		Ties		[0, 4, 0, 5, 9]
4272991	3		Lead changes		[0, 1, 0, 5, 6]
4273053	0	492	North Central (IL)	http://stats.ncaa.org/team/492/12582	[21, 14, 28, 18, 1]
4273053	1	398	MIT	http://stats.ncaa.org/team/398/12582	[25, 25, 26, 25, 3]
4273053	2		Ties		[2, 1, 15, 2, 20]
4273053	3		Lead changes		[0, 0, 5, 0, 5]
4273077	0	11538	Fontbonne	http://stats.ncaa.org/team/11538/12582	[25, 25, 23, 25, 3]
4273077	1	525	Olivet	http://stats.ncaa.org/team/525/12582	[20, 15, 25, 21, 1]
4273077	2		Ties		[2, 2, 13, 3, 20]
4273077	3		Lead changes		[2, 2, 8, 2, 14]
4273080	0	58	Baruch	http://stats.ncaa.org/team/58/12582	[17, 25, 21, 24, 1]
4273080	1	292	Hunter	http://stats.ncaa.org/team/292/12582	[25, 21, 25, 26, 3]
4273080	2		Ties		[6, 6, 0, 18, 30]
4273080	3		Lead changes		[4, 4, 0, 6, 14]
4273087	0	27901	Mount Ida	http://stats.ncaa.org/team/27901/12582	[26, 23, 25, 24, 13, 2]
4273087	1	321	John Jay	http://stats.ncaa.org/team/321/12582	[24, 25, 22, 26, 15, 3]
4273087	2		Ties		[20, 13, 8, 9, 1, 51]
4273087	3		Lead changes		[3, 4, 4, 3, 0, 14]
4273202	0	784	Wilkes	http://stats.ncaa.org/team/784/12582	[25, 25, 25, 3]
4273202	1	962	Bard	http://stats.ncaa.org/team/962/12582	[14, 17, 20, 0]
4273202	2		Ties		[0, 0, 1, 1]
4273202	3		Lead changes		[0, 0, 1, 1]
4273302	0	11036	Sage Colleges	http://stats.ncaa.org/team/11036/12582	[11, 18, 22, 0]
4273302	1	398	MIT	http://stats.ncaa.org/team/398/12582	[25, 25, 25, 3]
4273302	2		Ties		[1, 1, 9, 11]
4273302	3		Lead changes		[0, 0, 3, 3]
4273453	0	30051	King (TN)	http://stats.ncaa.org/team/30051/12582	[25, 23, 25, 25, 3]
4273453	1	203	East. Mennonite	http://stats.ncaa.org/team/203/12582	[22, 25, 18, 22, 1]
4273453	2		Ties		[9, 7, 2, 5, 23]
4273453	3		Lead changes		[2, 3, 1, 3, 9]
4273728	0	394	Marymount (VA)	http://stats.ncaa.org/team/394/12582	[23, 25, 25, 25, 3]
4273728	1	292	Hunter	http://stats.ncaa.org/team/292/12582	[25, 21, 17, 20, 1]
4273728	2		Ties		[12, 5, 0, 5, 22]
4273728	3		Lead changes		[4, 2, 0, 1, 7]
4273798	0	479	NYU	http://stats.ncaa.org/team/479/12582	[25, 18, 25, 18, 15, 3]
4273798	1	121	Carthage	http://stats.ncaa.org/team/121/12582	[23, 25, 20, 25, 13, 2]
4273798	2		Ties		[4, 1, 5, 9, 9, 28]
4273798	3		Lead changes		[2, 0, 3, 3, 5, 13]
4273810	0	737	Vassar	http://stats.ncaa.org/team/737/12582	[25, 25, 25, 25, 3]
4273810	1	761	Wells	http://stats.ncaa.org/team/761/12582	[27, 20, 19, 21, 1]
4273810	2		Ties		[0]
4273810	3		Lead changes		[0]
4273904	0	1176	Lincoln Memorial	http://stats.ncaa.org/team/1176/12582	[23, 20, 19, 0]
4273904	1	8567	Mt. St. Joseph	http://stats.ncaa.org/team/8567/12582	[25, 25, 25, 3]
4273904	2		Ties		[1, 4, 5, 10]
4273904	3		Lead changes		[0, 2, 1, 3]
4274099	0	762	Wentworth	http://stats.ncaa.org/team/762/12582	[25, 25, 25, 3]
4274099	1	461	Nazareth	http://stats.ncaa.org/team/461/12582	[21, 23, 20, 0]
4274099	2		Ties		[0]
4274099	3		Lead changes		[0]
4274228	0	11538	Fontbonne	http://stats.ncaa.org/team/11538/12582	[25, 32, 25, 21, 15, 3]
4274228	1	707	Thiel	http://stats.ncaa.org/team/707/12582	[16, 34, 23, 25, 13, 2]
4274228	2		Ties		[0, 11, 5, 7, 9, 32]
4274228	3		Lead changes		[0, 4, 3, 2, 3, 12]
4274304	0	1176	Lincoln Memorial	http://stats.ncaa.org/team/1176/12582	[16, 20, 16, 0]
4274304	1	806	Wittenberg	http://stats.ncaa.org/team/806/12582	[25, 25, 25, 3]
4274304	2		Ties		[0, 10, 0, 10]
4274304	3		Lead changes		[0, 6, 0, 6]
4274307	0	113	UC Santa Cruz	http://stats.ncaa.org/team/113/12582	[20, 18, 25, 25, 12, 2]
4274307	1	471	NJIT	http://stats.ncaa.org/team/471/12582	[25, 25, 18, 22, 15, 3]
4274307	2		Ties		[14, 3, 7, 11, 3, 38]
4274307	3		Lead changes		[5, 3, 4, 4, 2, 18]
4274308	0	30085	Lancaster Bible	http://stats.ncaa.org/team/30085/12582	[24, 25, 10, 23, 1]
4274308	1	30051	King (TN)	http://stats.ncaa.org/team/30051/12582	[26, 22, 25, 25, 3]
4274308	2		Ties		[11, 13, 0, 4, 28]
4274308	3		Lead changes		[1, 6, 0, 1, 8]
4274596	0	12973	Wilson	http://stats.ncaa.org/team/12973/12582	[22, 9, 12, 0]
4274596	1	564	Ramapo	http://stats.ncaa.org/team/564/12582	[25, 25, 25, 3]
4274596	2		Ties		[1, 2, 0, 3]
4274596	3		Lead changes		[0, 0, 0, 0]
4274602	0	21852	Stevenson	http://stats.ncaa.org/team/21852/12582	[22, 31, 20, 15, 1]
4274602	1	461	Nazareth	http://stats.ncaa.org/team/461/12582	[25, 29, 25, 25, 3]
4274602	2		Ties		[0]
4274602	3		Lead changes		[0]
4274603	0	1164	Lakeland	http://stats.ncaa.org/team/1164/12582	[17, 10, 21, 0]
4274603	1	461	Nazareth	http://stats.ncaa.org/team/461/12582	[25, 25, 25, 3]
4274603	2		Ties		[0]
4274603	3		Lead changes		[0]
4274606	0	1164	Lakeland	http://stats.ncaa.org/team/1164/12582	[20, 19, 18, 0]
4274606	1	737	Vassar	http://stats.ncaa.org/team/737/12582	[25, 25, 25, 3]
4274606	2		Ties		[0]
4274606	3		Lead changes		[0]
4274609	0	1305	Cairn	http://stats.ncaa.org/team/1305/12582	[21, 14, 21, 0]
4274609	1	9500	SUNY Poly	http://stats.ncaa.org/team/9500/12582	[25, 25, 25, 3]
4274609	2		Ties		[0]
4274609	3		Lead changes		[0]
4274618	0	213	Elmira	http://stats.ncaa.org/team/213/12582	[22, 25, 25, 11, 15, 3]
4274618	1	589	Rutgers-Newark	http://stats.ncaa.org/team/589/12582	[25, 20, 21, 25, 8, 2]
4274618	2		Ties		[5, 4, 7, 4, 0, 20]
4274618	3		Lead changes		[2, 1, 2, 3, 0, 8]
4274619	0	113	UC Santa Cruz	http://stats.ncaa.org/team/113/12582	[17, 25, 25, 25, 3]
4274619	1	589	Rutgers-Newark	http://stats.ncaa.org/team/589/12582	[25, 22, 22, 18, 1]
4274619	2		Ties		[2, 7, 2, 5, 16]
4274619	3		Lead changes		[0, 1, 0, 1, 2]
4274620	0	762	Wentworth	http://stats.ncaa.org/team/762/12582	[25, 25, 25, 3]
4274620	1	9500	SUNY Poly	http://stats.ncaa.org/team/9500/12582	[16, 23, 16, 0]
4274620	2		Ties		[0]
4274620	3		Lead changes		[0]
4274634	0	325	Juniata	http://stats.ncaa.org/team/325/12582	[13, 16, 27, 22, 1]
4274634	1	113	UC Santa Cruz	http://stats.ncaa.org/team/113/12582	[25, 25, 25, 25, 3]
4274634	2		Ties		[3, 6, 10, 4, 23]
4274634	3		Lead changes		[2, 3, 3, 1, 9]
4274635	0	325	Juniata	http://stats.ncaa.org/team/325/12582	[25, 25, 27, 3]
4274635	1	213	Elmira	http://stats.ncaa.org/team/213/12582	[20, 21, 25, 0]
4274635	2		Ties		[5, 7, 12, 24]
4274635	3		Lead changes		[2, 3, 5, 10]
4274636	0	564	Ramapo	http://stats.ncaa.org/team/564/12582	[25, 25, 25, 3]
4274636	1	279	Lehman	http://stats.ncaa.org/team/279/12582	[19, 16, 19, 0]
4274636	2		Ties		[0, 5, 4, 9]
4274636	3		Lead changes		[0, 4, 2, 6]
4274638	0	480	CCNY	http://stats.ncaa.org/team/480/12582	[20, 20, 18, 0]
4274638	1	27901	Mount Ida	http://stats.ncaa.org/team/27901/12582	[25, 25, 25, 3]
4274638	2		Ties		[1, 11, 0, 12]
4274638	3		Lead changes		[1, 4, 0, 5]
4274640	0	30085	Lancaster Bible	http://stats.ncaa.org/team/30085/12582	[13, 15, 13, 0]
4274640	1	203	East. Mennonite	http://stats.ncaa.org/team/203/12582	[25, 25, 25, 3]
4274640	2		Ties		[1, 0, 4, 5]
4274640	3		Lead changes		[0, 0, 2, 2]
4274646	0	8981	Endicott	http://stats.ncaa.org/team/8981/12582	[13, 15, 12, 0]
4274646	1	673	Springfield	http://stats.ncaa.org/team/673/12582	[25, 25, 25, 3]
4274646	2		Ties		[0, 0, 1, 1]
4274646	3		Lead changes		[0, 0, 1, 1]
4274649	0	673	Springfield	http://stats.ncaa.org/team/673/12582	[25, 25, 25, 3]
4274649	1	18422	Rivier	http://stats.ncaa.org/team/18422/12582	[20, 23, 6, 0]
4274649	2		Ties		[4, 17, 0, 21]
4274649	3		Lead changes		[2, 4, 0, 6]
4274658	0	113	UC Santa Cruz	http://stats.ncaa.org/team/113/12582	[19, 20, 21, 0]
4274658	1	679	Stevens	http://stats.ncaa.org/team/679/12582	[25, 25, 25, 3]
4274658	2		Ties		[1, 10, 2, 13]
4274658	3		Lead changes		[0, 3, 1, 4]
4274659	0	784	Wilkes	http://stats.ncaa.org/team/784/12582	[25, 23, 25, 26, 3]
4274659	1	279	Lehman	http://stats.ncaa.org/team/279/12582	[21, 25, 23, 24, 1]
4274659	2		Ties		[0]
4274659	3		Lead changes		[0]
4274660	0	564	Ramapo	http://stats.ncaa.org/team/564/12582	[25, 25, 25, 3]
4274660	1	962	Bard	http://stats.ncaa.org/team/962/12582	[17, 17, 18, 0]
4274660	2		Ties		[0, 5, 4, 9]
4274660	3		Lead changes		[0, 4, 2, 6]
4274663	0	1164	Lakeland	http://stats.ncaa.org/team/1164/12582	[22, 26, 25, 23, 15, 3]
4274663	1	9500	SUNY Poly	http://stats.ncaa.org/team/9500/12582	[25, 24, 21, 25, 12, 2]
4274663	2		Ties		[0]
4274663	3		Lead changes		[0]
4274664	0	8981	Endicott	http://stats.ncaa.org/team/8981/12582	[20, 24, 20, 0]
4274664	1	18422	Rivier	http://stats.ncaa.org/team/18422/12582	[25, 26, 25, 3]
4274664	2		Ties		[5, 8, 1, 14]
4274664	3		Lead changes		[1, 2, 1, 4]
4274667	0	492	North Central (IL)	http://stats.ncaa.org/team/492/12582	[25, 30, 25, 3]
4274667	1	22626	Johnson & Wales (RI)	http://stats.ncaa.org/team/22626/12582	[21, 28, 15, 0]
4274667	2		Ties		[9, 2, 3, 14]
4274667	3		Lead changes		[1, 0, 0, 1]
4274789	0	394	Marymount (VA)	http://stats.ncaa.org/team/394/12582	[25, 21, 25, 25, 3]
4274789	1	58	Baruch	http://stats.ncaa.org/team/58/12582	[22, 25, 22, 21, 1]
4274789	2		Ties		[5, 11, 5, 8, 29]
4274789	3		Lead changes		[2, 4, 3, 5, 14]
4274800	0	25719	Penn St.-Altoona	http://stats.ncaa.org/team/25719/12582	[25, 24, 26, 25, 3]
4274800	1	806	Wittenberg	http://stats.ncaa.org/team/806/12582	[20, 26, 24, 18, 1]
4274800	2		Ties		[9, 9, 12, 2, 32]
4274800	3		Lead changes		[4, 4, 3, 2, 13]
4274803	0	762	Wentworth	http://stats.ncaa.org/team/762/12582	[25, 23, 25, 25, 3]
4274803	1	737	Vassar	http://stats.ncaa.org/team/737/12582	[22, 25, 20, 23, 1]
4274803	2		Ties		[0]
4274803	3		Lead changes		[0]
4274896	0	8486	Lasell	http://stats.ncaa.org/team/8486/12582	[25, 25, 25, 3]
4274896	1	589	Rutgers-Newark	http://stats.ncaa.org/team/589/12582	[21, 20, 22, 0]
4274896	2		Ties		[14, 1, 11, 26]
4274896	3		Lead changes		[4, 1, 6, 11]
4274967	0	79	Brooklyn	http://stats.ncaa.org/team/79/12582	[15, 11, 19, 0]
4274967	1	11538	Fontbonne	http://stats.ncaa.org/team/11538/12582	[25, 25, 25, 3]
4274967	2		Ties		[3, 0, 0, 3]
4274967	3		Lead changes		[1, 0, 0, 1]
4274968	0	321	John Jay	http://stats.ncaa.org/team/321/12582	[25, 25, 25, 3]
4274968	1	30072	St. Joseph's (Brkln)	http://stats.ncaa.org/team/30072/12582	[14, 11, 5, 0]
4274968	2		Ties		[0, 0, 0, 0]
4274968	3		Lead changes		[0, 0, 0, 0]
4274969	0	11036	Sage Colleges	http://stats.ncaa.org/team/11036/12582	[16, 25, 25, 25, 3]
4274969	1	215	Emmanuel (MA)	http://stats.ncaa.org/team/215/12582	[25, 17, 19, 20, 1]
4274969	2		Ties		[0, 0, 3, 2, 5]
4274969	3		Lead changes		[0, 0, 0, 1, 1]
4274970	0	215	Emmanuel (MA)	http://stats.ncaa.org/team/215/12582	[13, 19, 20, 0]
4274970	1	398	MIT	http://stats.ncaa.org/team/398/12582	[25, 25, 25, 3]
4274970	2		Ties		[2, 3, 2, 7]
4274970	3		Lead changes		[2, 0, 1, 3]
4274971	0	679	Stevens	http://stats.ncaa.org/team/679/12582	[25, 25, 25, 3]
4274971	1	589	Rutgers-Newark	http://stats.ncaa.org/team/589/12582	[19, 20, 17, 0]
4274971	2		Ties		[3, 9, 2, 14]
4274971	3		Lead changes		[2, 3, 2, 7]
4274972	0	27901	Mount Ida	http://stats.ncaa.org/team/27901/12582	[25, 25, 25, 3]
4274972	1	30072	St. Joseph's (Brkln)	http://stats.ncaa.org/team/30072/12582	[10, 7, 2, 0]
4274972	2		Ties		[0, 0, 0, 0]
4274972	3		Lead changes		[0, 0, 0, 0]
4274973	0	480	CCNY	http://stats.ncaa.org/team/480/12582	[25, 25, 25, 3]
4274973	1	30072	St. Joseph's (Brkln)	http://stats.ncaa.org/team/30072/12582	[11, 7, 12, 0]
4274973	2		Ties		[0, 0, 0, 0]
4274973	3		Lead changes		[0, 0, 0, 0]
4274974	0	492	North Central (IL)	http://stats.ncaa.org/team/492/12582	[26, 25, 25, 3]
4274974	1	215	Emmanuel (MA)	http://stats.ncaa.org/team/215/12582	[24, 18, 15, 0]
4274974	2		Ties		[3, 2, 5, 10]
4274974	3		Lead changes		[1, 1, 3, 5]
4274975	0	23725	Medaille	http://stats.ncaa.org/team/23725/12582	[17, 25, 24, 25, 15, 3]
4274975	1	707	Thiel	http://stats.ncaa.org/team/707/12582	[25, 20, 26, 17, 10, 2]
4274975	2		Ties		[0, 6, 10, 2, 0, 18]
4274975	3		Lead changes		[0, 3, 4, 0, 0, 7]
4274976	0	321	John Jay	http://stats.ncaa.org/team/321/12582	[25, 25, 25, 3]
4274976	1	30072	St. Joseph's (Brkln)	http://stats.ncaa.org/team/30072/12582	[8, 12, 15, 0]
4274976	2		Ties		[2, 2, 6, 10]
4274976	3		Lead changes		[1, 0, 3, 4]
4274977	0	23725	Medaille	http://stats.ncaa.org/team/23725/12582	[26, 20, 25, 25, 15, 3]
4274977	1	11538	Fontbonne	http://stats.ncaa.org/team/11538/12582	[24, 25, 27, 14, 13, 2]
4274977	2		Ties		[1, 14, 11, 2, 6, 34]
4274977	3		Lead changes		[0, 4, 2, 1, 2, 9]
4274978	0	480	CCNY	http://stats.ncaa.org/team/480/12582	[25, 25, 25, 3]
4274978	1	30072	St. Joseph's (Brkln)	http://stats.ncaa.org/team/30072/12582	[11, 10, 12, 0]
4274978	2		Ties		[3, 0, 1, 4]
4274978	3		Lead changes		[3, 0, 0, 3]
4274980	0	762	Wentworth	http://stats.ncaa.org/team/762/12582	[25, 25, 25, 3]
4274980	1	1305	Cairn	http://stats.ncaa.org/team/1305/12582	[17, 16, 13, 0]
4274980	2		Ties		[0]
4274980	3		Lead changes		[0]
4274987	0	25719	Penn St.-Altoona	http://stats.ncaa.org/team/25719/12582	[25, 23, 22, 17, 1]
4274987	1	8567	Mt. St. Joseph	http://stats.ncaa.org/team/8567/12582	[22, 25, 25, 25, 3]
4274987	2		Ties		[5, 12, 11, 2, 30]
4274987	3		Lead changes		[3, 4, 1, 0, 8]
4274993	0	532	Elms	http://stats.ncaa.org/team/532/12582	[25, 25, 21, 25, 3]
4274993	1	761	Wells	http://stats.ncaa.org/team/761/12582	[22, 20, 25, 22, 1]
4274993	2		Ties		[0]
4274993	3		Lead changes		[0]
4274997	0	1305	Cairn	http://stats.ncaa.org/team/1305/12582	[19, 16, 15, 0]
4274997	1	761	Wells	http://stats.ncaa.org/team/761/12582	[25, 25, 25, 3]
4274997	2		Ties		[0]
4274997	3		Lead changes		[0]
4275000	0	475	SUNY New Paltz	http://stats.ncaa.org/team/475/12582	[21, 25, 23, 26, 1]
4275000	1		Hope Int'l		[25, 20, 25, 28, 3]
4275000	2		Ties		[2, 6, 1, 12, 21]
4275000	3		Lead changes		[1, 3, 0, 5, 9]
4275007	0	79	Brooklyn	http://stats.ncaa.org/team/79/12582	[22, 15, 23, 0]
4275007	1	525	Olivet	http://stats.ncaa.org/team/525/12582	[25, 25, 25, 3]
4275007	2		Ties		[13, 4, 1, 18]
4275007	3		Lead changes		[6, 3, 1, 10]
4275011	0	1305	Cairn	http://stats.ncaa.org/team/1305/12582	[21, 20, 19, 0]
4275011	1	532	Elms	http://stats.ncaa.org/team/532/12582	[25, 25, 25, 3]
4275011	2		Ties		[0]
4275011	3		Lead changes		[0]
4275012	0	30164	Southern Va.	http://stats.ncaa.org/team/30164/12582	[25, 22, 21, 21, 1]
4275012	1	806	Wittenberg	http://stats.ncaa.org/team/806/12582	[16, 25, 25, 25, 3]
4275012	2		Ties		[0]
4275012	3		Lead changes		[0]
4275017	0	532	Elms	http://stats.ncaa.org/team/532/12582	[16, 21, 18, 0]
4275017	1	737	Vassar	http://stats.ncaa.org/team/737/12582	[25, 25, 25, 3]
4275017	2		Ties		[0]
4275017	3		Lead changes		[0]
4275018	0	532	Elms	http://stats.ncaa.org/team/532/12582	[18, 25, 25, 12, 11, 2]
4275018	1	461	Nazareth	http://stats.ncaa.org/team/461/12582	[25, 22, 22, 25, 15, 3]
4275018	2		Ties		[0]
4275018	3		Lead changes		[0]
4275038	0		Mt. Mercy		[20, 21, 20, 0]
4275038	1	30172	IIT	http://stats.ncaa.org/team/30172/12582	[25, 25, 25, 3]
4275038	2		Ties		[3, 4, 1, 8]
4275038	3		Lead changes		[3, 2, 1, 6]
4275083	0	30029	Purchase	http://stats.ncaa.org/team/30029/12582	[23, 14, 25, 20, 1]
4275083	1	79	Brooklyn	http://stats.ncaa.org/team/79/12582	[25, 25, 22, 25, 3]
4275083	2		Ties		[3, 0, 0, 7, 10]
4275083	3		Lead changes		[2, 0, 0, 4, 6]
4275086	0	480	CCNY	http://stats.ncaa.org/team/480/12582	[19, 14, 15, 0]
4275086	1	451	Mt. St. Vincent	http://stats.ncaa.org/team/451/12582	[25, 25, 25, 3]
4275086	2		Ties		[8, 1, 6, 15]
4275086	3		Lead changes		[5, 0, 3, 8]
4275116	0	1332	Dominican (IL)	http://stats.ncaa.org/team/1332/12582	[25, 25, 25, 3]
4275116	1		St. Xavier		[22, 13, 17, 0]
4275116	2		Ties		[10, 4, 6, 20]
4275116	3		Lead changes		[2, 1, 4, 7]
4275211	0	398	MIT	http://stats.ncaa.org/team/398/12582	[21, 25, 23, 25, 15, 3]
4275211	1	569	Regis (MA)	http://stats.ncaa.org/team/569/12582	[25, 22, 25, 11, 11, 2]
4275211	2		Ties		[7, 10, 3, 0, 0, 20]
4275211	3		Lead changes		[2, 5, 1, 0, 0, 8]
4275223	0	30172	IIT	http://stats.ncaa.org/team/30172/12582	[20, 14, 16, 0]
4275223	1		St. Xavier		[25, 25, 25, 3]
4275223	2		Ties		[1, 5, 3, 9]
4275223	3		Lead changes		[1, 1, 0, 2]
4275224	0	8398	Hilbert	http://stats.ncaa.org/team/8398/12582	[8, 9, 15, 0]
4275224	1	806	Wittenberg	http://stats.ncaa.org/team/806/12582	[25, 25, 25, 3]
4275224	2		Ties		[0, 0, 4, 4]
4275224	3		Lead changes		[0, 0, 2, 2]
4275225	0	8398	Hilbert	http://stats.ncaa.org/team/8398/12582	[11, 12, 15, 0]
4275225	1		Cincinnati Christian		[25, 25, 25, 3]
4275225	2		Ties		[2, 3, 3, 8]
4275225	3		Lead changes		[0, 0, 1, 1]
4275226	0	8398	Hilbert	http://stats.ncaa.org/team/8398/12582	[15, 21, 12, 0]
4275226	1	30164	Southern Va.	http://stats.ncaa.org/team/30164/12582	[25, 25, 25, 3]
4275226	2		Ties		[4, 3, 1, 8]
4275226	3		Lead changes		[1, 1, 1, 3]
4275227	0	8398	Hilbert	http://stats.ncaa.org/team/8398/12582	[17, 8, 23, 0]
4275227	1	1059	D'Youville	http://stats.ncaa.org/team/1059/12582	[25, 25, 25, 3]
4275227	2		Ties		[2, 0, 10, 12]
4275227	3		Lead changes		[0, 0, 4, 4]
4275253	0	403	Medgar Evers	http://stats.ncaa.org/team/403/12582	[7, 6, 7, 0]
4275253	1	1340	St. Joseph's (L.I.)	http://stats.ncaa.org/team/1340/12582	[25, 25, 25, 3]
4275253	2		Ties		[0, 2, 2, 4]
4275253	3		Lead changes		[0, 1, 2, 3]
4275429	0	11036	Sage Colleges	http://stats.ncaa.org/team/11036/12582	[23, 17, 23, 0]
4275429	1	9500	SUNY Poly	http://stats.ncaa.org/team/9500/12582	[25, 25, 25, 3]
4275429	2		Ties		[0]
4275429	3		Lead changes		[0]
4275431	0	21852	Stevenson	http://stats.ncaa.org/team/21852/12582	[26, 25, 20, 25, 15, 3]
4275431	1	9500	SUNY Poly	http://stats.ncaa.org/team/9500/12582	[28, 20, 25, 15, 12, 2]
4275431	2		Ties		[0]
4275431	3		Lead changes		[0]
4275437	0	762	Wentworth	http://stats.ncaa.org/team/762/12582	[25, 25, 25, 3]
4275437	1	8981	Endicott	http://stats.ncaa.org/team/8981/12582	[18, 16, 18, 0]
4275437	2		Ties		[0, 7, 5, 12]
4275437	3		Lead changes		[0, 4, 0, 4]
4275596	0	30172	IIT	http://stats.ncaa.org/team/30172/12582	[7, 16, 15, 0]
4275596	1		Robert Morris (IL)		[25, 25, 25, 3]
4275596	2		Ties		[1, 3, 1, 5]
4275596	3		Lead changes		[1, 2, 0, 3]
4275791	0	1379	Southern Vt.	http://stats.ncaa.org/team/1379/12582	[13, 12, 18, 0]
4275791	1	962	Bard	http://stats.ncaa.org/team/962/12582	[25, 25, 25, 3]
4275791	2		Ties		[2, 1, 6, 9]
4275791	3		Lead changes		[1, 1, 3, 5]
4275792	0	30164	Southern Va.	http://stats.ncaa.org/team/30164/12582	[16, 25, 22, 22, 1]
4275792	1	25719	Penn St.-Altoona	http://stats.ncaa.org/team/25719/12582	[25, 23, 25, 25, 3]
4275792	2		Ties		[0]
4275792	3		Lead changes		[0]
4275821	0	364	Loras	http://stats.ncaa.org/team/364/12582	[20, 22, 18, 0]
4275821	1	561	Quincy	http://stats.ncaa.org/team/561/12582	[25, 25, 25, 3]
4275821	2		Ties		[7, 3, 2, 12]
4275821	3		Lead changes		[0, 0, 2, 2]
4275825	0	30164	Southern Va.	http://stats.ncaa.org/team/30164/12582	[24, 22, 25, 24, 1]
4275825	1		Cincinnati Christian		[26, 25, 23, 26, 3]
4275825	2		Ties		[0]
4275825	3		Lead changes		[0]
4275921	0	938	Alvernia	http://stats.ncaa.org/team/938/12582	[21, 21, 21, 0]
4275921	1	30085	Lancaster Bible	http://stats.ncaa.org/team/30085/12582	[25, 25, 25, 3]
4275921	2		Ties		[8, 4, 4, 16]
4275921	3		Lead changes		[4, 2, 1, 7]
4276186	0	105	Cal Lutheran	http://stats.ncaa.org/team/105/12582	[22, 17, 19, 0]
4276186	1	101	CSUN	http://stats.ncaa.org/team/101/12582	[25, 25, 25, 3]
4276186	2		Ties		[1, 5, 5, 11]
4276186	3		Lead changes		[0, 3, 0, 3]
4276277	0	21772	Newbury	http://stats.ncaa.org/team/21772/12582	[26, 25, 21, 23, 8, 2]
4276277	1	1064	Eastern Nazarene	http://stats.ncaa.org/team/1064/12582	[24, 19, 25, 25, 15, 3]
4276277	2		Ties		[7, 2, 0, 7, 2, 18]
4276277	3		Lead changes		[4, 1, 0, 3, 0, 8]
4276285	0	30164	Southern Va.	http://stats.ncaa.org/team/30164/12582	[25, 25, 25, 3]
4276285	1	279	Lehman	http://stats.ncaa.org/team/279/12582	[15, 20, 16, 0]
4276285	2		Ties		[2, 3, 2, 7]
4276285	3		Lead changes		[0, 2, 2, 4]
4276286	0	8567	Mt. St. Joseph	http://stats.ncaa.org/team/8567/12582	[25, 22, 21, 20, 1]
4276286	1	21852	Stevenson	http://stats.ncaa.org/team/21852/12582	[23, 25, 25, 25, 3]
4276286	2		Ties		[13, 5, 0, 8, 26]
4276286	3		Lead changes		[4, 1, 0, 4, 9]
4276288	0	8981	Endicott	http://stats.ncaa.org/team/8981/12582	[25, 28, 25, 25, 3]
4276288	1	22626	Johnson & Wales (RI)	http://stats.ncaa.org/team/22626/12582	[23, 30, 21, 23, 1]
4276288	2		Ties		[5, 11, 8, 13, 37]
4276288	3		Lead changes		[2, 4, 3, 3, 12]
4276289	0	475	SUNY New Paltz	http://stats.ncaa.org/team/475/12582	[25, 25, 25, 3]
4276289	1	707	Thiel	http://stats.ncaa.org/team/707/12582	[17, 18, 12, 0]
4276289	2		Ties		[6, 3, 5, 14]
4276289	3		Lead changes		[4, 2, 3, 9]
4276318	0	1196	Marian (WI)	http://stats.ncaa.org/team/1196/12582	[21, 23, 25, 25, 1]
4276318	1	394	Marymount (VA)	http://stats.ncaa.org/team/394/12582	[25, 25, 21, 27, 3]
4276318	2		Ties		[3, 7, 6, 8, 24]
4276318	3		Lead changes		[2, 3, 3, 5, 13]
4276321	0	18422	Rivier	http://stats.ncaa.org/team/18422/12582	[25, 25, 25, 3]
4276321	1	329	Kean	http://stats.ncaa.org/team/329/12582	[21, 23, 20, 0]
4276321	2		Ties		[4, 4, 3, 11]
4276321	3		Lead changes		[0, 0, 1, 1]
4276337	0	962	Bard	http://stats.ncaa.org/team/962/12582	[14, 18, 18, 0]
4276337	1	8981	Endicott	http://stats.ncaa.org/team/8981/12582	[25, 25, 25, 3]
4276337	2		Ties		[6, 3, 2, 11]
4276337	3		Lead changes		[3, 1, 1, 5]
4276372	0	30164	Southern Va.	http://stats.ncaa.org/team/30164/12582	[25, 24, 26, 25, 3]
4276372	1	589	Rutgers-Newark	http://stats.ncaa.org/team/589/12582	[23, 26, 24, 20, 1]
4276372	2		Ties		[7, 4, 11, 3, 25]
4276372	3		Lead changes		[2, 3, 5, 1, 11]
4276381	0	589	Rutgers-Newark	http://stats.ncaa.org/team/589/12582	[25, 25, 25, 3]
4276381	1	279	Lehman	http://stats.ncaa.org/team/279/12582	[10, 19, 20, 0]
4276381	2		Ties		[0, 8, 1, 9]
4276381	3		Lead changes		[0, 5, 0, 5]
4276387	0	962	Bard	http://stats.ncaa.org/team/962/12582	[19, 16, 17, 0]
4276387	1	22626	Johnson & Wales (RI)	http://stats.ncaa.org/team/22626/12582	[25, 25, 25, 3]
4276387	2		Ties		[3, 0, 0, 3]
4276387	3		Lead changes		[3, 0, 0, 3]
4276390	0	121	Carthage	http://stats.ncaa.org/team/121/12582	[25, 25, 25, 3]
4276390	1	525	Olivet	http://stats.ncaa.org/team/525/12582	[18, 13, 15, 0]
4276390	2		Ties		[5, 0, 1, 6]
4276390	3		Lead changes		[1, 0, 0, 1]
4276395	0	12973	Wilson	http://stats.ncaa.org/team/12973/12582	[16, 16, 9, 0]
4276395	1	21852	Stevenson	http://stats.ncaa.org/team/21852/12582	[25, 25, 25, 3]
4276395	2		Ties		[6, 2, 2, 10]
4276395	3		Lead changes		[3, 0, 0, 3]
4276405	0	12973	Wilson	http://stats.ncaa.org/team/12973/12582	[16, 19, 20, 0]
4276405	1	8567	Mt. St. Joseph	http://stats.ncaa.org/team/8567/12582	[25, 25, 25, 3]
4276405	2		Ties		[1, 0, 8, 9]
4276405	3		Lead changes		[0, 0, 4, 4]
4276424	0	364	Loras	http://stats.ncaa.org/team/364/12582	[24, 23, 25, 25, 15, 3]
4276424	1	1111	Greenville	http://stats.ncaa.org/team/1111/12582	[26, 25, 17, 21, 9, 2]
4276424	2		Ties		[20, 5, 10, 3, 4, 42]
4276424	3		Lead changes		[9, 2, 6, 3, 2, 22]
4276430	0	213	Elmira	http://stats.ncaa.org/team/213/12582	[19, 21, 15, 0]
4276430	1	394	Marymount (VA)	http://stats.ncaa.org/team/394/12582	[25, 25, 25, 3]
4276430	2		Ties		[4, 8, 3, 15]
4276430	3		Lead changes		[2, 3, 2, 7]
4276446	0	203	East. Mennonite	http://stats.ncaa.org/team/203/12582	[25, 21, 21, 25, 16, 3]
4276446	1	461	Nazareth	http://stats.ncaa.org/team/461/12582	[16, 25, 25, 21, 14, 2]
4276446	2		Ties		[3, 1, 5, 4, 13]
4276446	3		Lead changes		[0, 1, 3, 2, 6]
4276456	0	806	Wittenberg	http://stats.ncaa.org/team/806/12582	[23, 14, 20, 0]
4276456	1	325	Juniata	http://stats.ncaa.org/team/325/12582	[25, 25, 25, 3]
4276456	2		Ties		[13, 0, 5, 18]
4276456	3		Lead changes		[5, 0, 2, 7]
4276464	0	213	Elmira	http://stats.ncaa.org/team/213/12582	[22, 24, 33, 21, 1]
4276464	1	1196	Marian (WI)	http://stats.ncaa.org/team/1196/12582	[25, 26, 31, 25, 3]
4276464	2		Ties		[1, 11, 15, 7, 34]
4276464	3		Lead changes		[1, 7, 5, 4, 17]
4276511	0	398	MIT	http://stats.ncaa.org/team/398/12582	[22, 20, 23, 0]
4276511	1	8486	Lasell	http://stats.ncaa.org/team/8486/12582	[25, 25, 25, 3]
4276511	2		Ties		[9, 2, 3, 14]
4276511	3		Lead changes		[2, 1, 2, 5]
4276513	0	569	Regis (MA)	http://stats.ncaa.org/team/569/12582	[21, 22, 25, 19, 1]
4276513	1	398	MIT	http://stats.ncaa.org/team/398/12582	[25, 25, 23, 25, 3]
4276513	2		Ties		[9, 7, 11, 6, 33]
4276513	3		Lead changes		[3, 2, 3, 2, 10]
4276547	0	962	Bard	http://stats.ncaa.org/team/962/12582	[16, 17, 10, 0]
4276547	1	8486	Lasell	http://stats.ncaa.org/team/8486/12582	[25, 25, 25, 3]
4276547	2		Ties		[4, 3, 0, 7]
4276547	3		Lead changes		[1, 3, 0, 4]
4276548	0	8486	Lasell	http://stats.ncaa.org/team/8486/12582	[28, 31, 25, 3]
4276548	1	569	Regis (MA)	http://stats.ncaa.org/team/569/12582	[26, 29, 17, 0]
4276548	2		Ties		[4, 5, 3, 12]
4276548	3		Lead changes		[2, 2, 1, 5]
4276567	0	679	Stevens	http://stats.ncaa.org/team/679/12582	[25, 21, 25, 25, 3]
4276567	1	564	Ramapo	http://stats.ncaa.org/team/564/12582	[18, 25, 17, 17, 1]
4276567	2		Ties		[2, 3, 8, 0, 13]
4276567	3		Lead changes		[1, 2, 4, 0, 7]
4276590	0	784	Wilkes	http://stats.ncaa.org/team/784/12582	[20, 22, 21, 0]
4276590	1	30085	Lancaster Bible	http://stats.ncaa.org/team/30085/12582	[25, 25, 25, 3]
4276590	2		Ties		[1, 7, 3, 11]
4276590	3		Lead changes		[0, 2, 0, 2]
4276641	0	532	Elms	http://stats.ncaa.org/team/532/12582	[25, 25, 20, 25, 3]
4276641	1	1064	Eastern Nazarene	http://stats.ncaa.org/team/1064/12582	[15, 18, 25, 12, 1]
4276641	2		Ties		[3, 2, 8, 1, 14]
4276641	3		Lead changes		[0, 0, 3, 1, 4]
4276676	0	806	Wittenberg	http://stats.ncaa.org/team/806/12582	[21, 18, 16, 0]
4276676	1	475	SUNY New Paltz	http://stats.ncaa.org/team/475/12582	[25, 25, 25, 3]
4276676	2		Ties		[9, 2, 0, 11]
4276676	3		Lead changes		[4, 1, 0, 5]
4276708	0	1332	Dominican (IL)	http://stats.ncaa.org/team/1332/12582	[25, 25, 25, 3]
4276708	1	30172	IIT	http://stats.ncaa.org/team/30172/12582	[16, 21, 18, 0]
4276708	2		Ties		[4, 2, 7, 13]
4276708	3		Lead changes		[1, 0, 3, 4]
4276799	0	1159	Keuka	http://stats.ncaa.org/team/1159/12582	[25, 24, 25, 25, 3]
4276799	1	27901	Mount Ida	http://stats.ncaa.org/team/27901/12582	[17, 26, 17, 19, 1]
4276799	2		Ties		[0, 11, 5, 0, 16]
4276799	3		Lead changes		[0, 1, 3, 0, 4]
4276809	0	8567	Mt. St. Joseph	http://stats.ncaa.org/team/8567/12582	[26, 25, 22, 25, 15, 3]
4276809	1	394	Marymount (VA)	http://stats.ncaa.org/team/394/12582	[28, 21, 25, 19, 13, 2]
4276809	2		Ties		[10, 3, 3, 4, 4, 24]
4276809	3		Lead changes		[5, 1, 2, 0, 1, 9]
4276816	0	461	Nazareth	http://stats.ncaa.org/team/461/12582	[19, 25, 17, 24, 1]
4276816	1	329	Kean	http://stats.ncaa.org/team/329/12582	[25, 22, 25, 26, 3]
4276816	2		Ties		[5, 9, 7, 3, 24]
4276816	3		Lead changes		[3, 4, 3, 0, 10]
4276849	0	27901	Mount Ida	http://stats.ncaa.org/team/27901/12582	[16, 17, 17, 0]
4276849	1	11036	Sage Colleges	http://stats.ncaa.org/team/11036/12582	[25, 25, 25, 3]
4276849	2		Ties		[3, 2, 1, 6]
4276849	3		Lead changes		[2, 0, 0, 2]
4276998	0	475	SUNY New Paltz	http://stats.ncaa.org/team/475/12582	[20, 18, 25, 25, 15, 3]
4276998	1	325	Juniata	http://stats.ncaa.org/team/325/12582	[25, 25, 17, 20, 13, 2]
4276998	2		Ties		[2, 4, 1, 0, 8, 15]
4276998	3		Lead changes		[0, 0, 0, 0, 2, 2]
4277054	0	23725	Medaille	http://stats.ncaa.org/team/23725/12582	[18, 20, 21, 0]
4277054	1	564	Ramapo	http://stats.ncaa.org/team/564/12582	[25, 25, 25, 3]
4277054	2		Ties		[11, 6, 1, 18]
4277054	3		Lead changes		[5, 4, 1, 10]
4277188	0	1159	Keuka	http://stats.ncaa.org/team/1159/12582	[23, 17, 16, 0]
4277188	1	11036	Sage Colleges	http://stats.ncaa.org/team/11036/12582	[25, 25, 25, 3]
4277188	2		Ties		[6, 12, 0, 18]
4277188	3		Lead changes		[0, 4, 0, 4]
4277217	0	8981	Endicott	http://stats.ncaa.org/team/8981/12582	[25, 22, 20, 20, 1]
4277217	1	8486	Lasell	http://stats.ncaa.org/team/8486/12582	[18, 25, 25, 25, 3]
4277217	2		Ties		[11, 3, 0, 14]
4277217	3		Lead changes		[2, 1, 0, 3]
4277263	0	1196	Marian (WI)	http://stats.ncaa.org/team/1196/12582	[25, 19, 15, 18, 1]
4277263	1	30164	Southern Va.	http://stats.ncaa.org/team/30164/12582	[22, 25, 25, 25, 3]
4277263	2		Ties		[3, 0, 1, 5, 9]
4277263	3		Lead changes		[0, 0, 1, 1, 2]
4277332	0	451	Mt. St. Vincent	http://stats.ncaa.org/team/451/12582	[18, 22, 22, 0]
4277332	1	479	NYU	http://stats.ncaa.org/team/479/12582	[25, 25, 25, 3]
4277332	2		Ties		[5, 4, 0, 9]
4277332	3		Lead changes		[1, 1, 0, 2]
4277353	0		Cardinal Stritch		[25, 25, 25, 3]
4277353	1	30172	IIT	http://stats.ncaa.org/team/30172/12582	[17, 16, 11, 0]
4277353	2		Ties		[12, 5, 1, 18]
4277353	3		Lead changes		[6, 3, 0, 9]
4277383	0	679	Stevens	http://stats.ncaa.org/team/679/12582	[25, 25, 25, 3]
4277383	1	23725	Medaille	http://stats.ncaa.org/team/23725/12582	[22, 13, 15, 0]
4277383	2		Ties		[11, 2, 1, 14]
4277383	3		Lead changes		[4, 1, 0, 5]
4277440	0	213	Elmira	http://stats.ncaa.org/team/213/12582	[23, 23, 25, 26, 14, 2]
4277440	1	30164	Southern Va.	http://stats.ncaa.org/team/30164/12582	[25, 25, 21, 24, 16, 3]
4277440	2		Ties		[10, 6, 4, 11, 2, 33]
4277440	3		Lead changes		[5, 2, 1, 6, 1, 15]
4277445	0	203	East. Mennonite	http://stats.ncaa.org/team/203/12582	[25, 18, 13, 25, 15, 3]
4277445	1	737	Vassar	http://stats.ncaa.org/team/737/12582	[19, 25, 25, 20, 13, 2]
4277445	2		Ties		[6, 2, 7, 8, 8, 31]
4277445	3		Lead changes		[4, 0, 5, 4, 0, 13]
4277510	0	806	Wittenberg	http://stats.ncaa.org/team/806/12582	[25, 16, 14, 15, 1]
4277510	1	707	Thiel	http://stats.ncaa.org/team/707/12582	[20, 25, 25, 25, 3]
4277510	2		Ties		[9, 12, 1, 3, 25]
4277510	3		Lead changes		[1, 6, 1, 0, 8]
4277564	0	761	Wells	http://stats.ncaa.org/team/761/12582	[25, 16, 18, 21, 1]
4277564	1	707	Thiel	http://stats.ncaa.org/team/707/12582	[16, 25, 25, 25, 3]
4277564	2		Ties		[2, 0, 0, 7, 9]
4277564	3		Lead changes		[2, 0, 0, 2, 4]
4277727	0	364	Loras	http://stats.ncaa.org/team/364/12582	[23, 22, 16, 0]
4277727	1	11538	Fontbonne	http://stats.ncaa.org/team/11538/12582	[25, 25, 25, 3]
4277727	2		Ties		[10, 10, 0, 20]
4277727	3		Lead changes		[5, 6, 0, 11]
4277731	0	24317	Lesley	http://stats.ncaa.org/team/24317/12582	[4, 11, 15, 0]
4277731	1	27901	Mount Ida	http://stats.ncaa.org/team/27901/12582	[25, 25, 25, 3]
4277731	2		Ties		[0, 5, 1, 6]
4277731	3		Lead changes		[0, 2, 1, 3]
4277732	0	1305	Cairn	http://stats.ncaa.org/team/1305/12582	[17, 25, 18, 0]
4277732	1	966	Arcadia	http://stats.ncaa.org/team/966/12582	[25, 27, 25, 3]
4277732	2		Ties		[0, 13, 2, 15]
4277732	3		Lead changes		[0, 5, 0, 5]
4277734	0	20220	MSOE	http://stats.ncaa.org/team/20220/12582	[16, 25, 25, 26, 11, 2]
4277734	1		Cardinal Stritch		[25, 19, 19, 28, 15, 3]
4277734	2		Ties		[2, 1, 8, 18, 3, 32]
4277734	3		Lead changes		[0, 0, 1, 11, 0, 12]
4277735	0	451	Mt. St. Vincent	http://stats.ncaa.org/team/451/12582	[17, 16, 14, 0]
4277735	1	673	Springfield	http://stats.ncaa.org/team/673/12582	[25, 25, 25, 3]
4277735	2		Ties		[3, 2, 0, 5]
4277735	3		Lead changes		[2, 0, 0, 2]
4277744	0	105	Cal Lutheran	http://stats.ncaa.org/team/105/12582	[20, 26, 25, 25, 7, 2]
4277744	1	30199	Concordia (CA)	http://stats.ncaa.org/team/30199/12582	[25, 28, 22, 19, 15, 3]
4277744	2		Ties		[3, 20, 11, 6, 1, 41]
4277744	3		Lead changes		[1, 5, 2, 1, 0, 9]
4277746	0	1111	Greenville	http://stats.ncaa.org/team/1111/12582	[25, 11, 21, 16, 1]
4277746	1		Lindenwood (IL)		[23, 25, 25, 25, 3]
4277746	2		Ties		[0]
4277746	3		Lead changes		[0]
4277747	0	1340	St. Joseph's (L.I.)	http://stats.ncaa.org/team/1340/12582	[25, 25, 25, 3]
4277747	1	2730	York (NY)	http://stats.ncaa.org/team/2730/12582	[8, 10, 16, 0]
4277747	2		Ties		[1, 0, 3, 4]
4277747	3		Lead changes		[0, 0, 1, 1]
4277751	0	761	Wells	http://stats.ncaa.org/team/761/12582	[23, 17, 15, 0]
4277751	1	325	Juniata	http://stats.ncaa.org/team/325/12582	[25, 25, 25, 3]
4277751	2		Ties		[6, 2, 3, 11]
4277751	3		Lead changes		[3, 0, 1, 4]
4277752	0	203	East. Mennonite	http://stats.ncaa.org/team/203/12582	[17, 24, 26, 27, 11, 2]
4277752	1	329	Kean	http://stats.ncaa.org/team/329/12582	[25, 26, 24, 25, 15, 3]
4277752	2		Ties		[3, 10, 9, 10, 2, 34]
4277752	3		Lead changes		[2, 4, 2, 3, 1, 12]
4277758	0	1305	Cairn	http://stats.ncaa.org/team/1305/12582	[20, 25, 19, 19, 1]
4277758	1	938	Alvernia	http://stats.ncaa.org/team/938/12582	[25, 22, 25, 25, 3]
4277758	2		Ties		[7, 5, 4, 2, 18]
4277758	3		Lead changes		[2, 0, 3, 0, 5]
4277759	0	962	Bard	http://stats.ncaa.org/team/962/12582	[13, 21, 18, 0]
4277759	1	569	Regis (MA)	http://stats.ncaa.org/team/569/12582	[25, 25, 25, 3]
4277759	2		Ties		[4, 5, 1, 10]
4277759	3		Lead changes		[2, 2, 0, 4]
4277760	0	784	Wilkes	http://stats.ncaa.org/team/784/12582	[20, 34, 20, 0]
4277760	1	966	Arcadia	http://stats.ncaa.org/team/966/12582	[25, 36, 25, 3]
4277760	2		Ties		[6, 19, 8, 33]
4277760	3		Lead changes		[3, 9, 3, 15]
4277761	0	938	Alvernia	http://stats.ncaa.org/team/938/12582	[25, 24, 25, 25, 3]
4277761	1	966	Arcadia	http://stats.ncaa.org/team/966/12582	[23, 26, 19, 19, 1]
4277761	2		Ties		[11, 3, 6, 0, 20]
4277761	3		Lead changes		[6, 2, 3, 0, 11]
4277762	0	398	MIT	http://stats.ncaa.org/team/398/12582	[25, 20, 25, 21, 13, 2]
4277762	1	8981	Endicott	http://stats.ncaa.org/team/8981/12582	[16, 25, 19, 25, 15, 3]
4277762	2		Ties		[0]
4277762	3		Lead changes		[0]
4277763	0	569	Regis (MA)	http://stats.ncaa.org/team/569/12582	[27, 25, 22, 20, 1]
4277763	1	22626	Johnson & Wales (RI)	http://stats.ncaa.org/team/22626/12582	[29, 17, 25, 25, 3]
4277763	2		Ties		[10, 0, 12, 7, 29]
4277763	3		Lead changes		[6, 0, 4, 3, 13]
4277790	0	325	Juniata	http://stats.ncaa.org/team/325/12582	[9, 16, 23, 0]
4277790	1	679	Stevens	http://stats.ncaa.org/team/679/12582	[25, 25, 25, 3]
4277790	2		Ties		[1, 1, 10, 12]
4277790	3		Lead changes		[0, 0, 7, 7]
4277798	0	532	Elms	http://stats.ncaa.org/team/532/12582	[9, 23, 20, 0]
4277798	1	679	Stevens	http://stats.ncaa.org/team/679/12582	[25, 25, 25, 3]
4277798	2		Ties		[0, 2, 4, 6]
4277798	3		Lead changes		[0, 1, 2, 3]
4277841	0	296	Benedictine (IL)	http://stats.ncaa.org/team/296/12582	[25, 27, 25, 3]
4277841	1	11538	Fontbonne	http://stats.ncaa.org/team/11538/12582	[14, 25, 20, 0]
4277841	2		Ties		[4, 11, 12, 27]
4277841	3		Lead changes		[1, 5, 9, 15]
4278295	0	30085	Lancaster Bible	http://stats.ncaa.org/team/30085/12582	[25, 25, 25, 3]
4278295	1	1305	Cairn	http://stats.ncaa.org/team/1305/12582	[19, 19, 16, 0]
4278295	2		Ties		[0, 1, 1, 2]
4278295	3		Lead changes		[0, 0, 0, 0]
4278297	0	737	Vassar	http://stats.ncaa.org/team/737/12582	[12, 22, 25, 25, 16, 3]
4278297	1	18422	Rivier	http://stats.ncaa.org/team/18422/12582	[25, 25, 16, 21, 14, 2]
4278297	2		Ties		[1, 3, 0, 1, 3, 8]
4278297	3		Lead changes		[0, 1, 0, 0, 2, 3]
4278301	0	1164	Lakeland	http://stats.ncaa.org/team/1164/12582	[25, 25, 25, 3]
4278301	1	21852	Stevenson	http://stats.ncaa.org/team/21852/12582	[19, 22, 21, 0]
4278301	2		Ties		[0]
4278301	3		Lead changes		[0]
4278310	0	1305	Cairn	http://stats.ncaa.org/team/1305/12582	[25, 29, 25, 3]
4278310	1	784	Wilkes	http://stats.ncaa.org/team/784/12582	[19, 27, 22, 0]
4278310	2		Ties		[7, 10, 14, 31]
4278310	3		Lead changes		[2, 5, 7, 14]
4278316	0	461	Nazareth	http://stats.ncaa.org/team/461/12582	[18, 21, 25, 25, 15, 3]
4278316	1	292	Hunter	http://stats.ncaa.org/team/292/12582	[25, 25, 23, 15, 12, 2]
4278316	2		Ties		[10, 9, 6, 8, 6, 39]
4278316	3		Lead changes		[3, 2, 4, 3, 4, 16]
4278318	0	398	MIT	http://stats.ncaa.org/team/398/12582	[22, 25, 25, 24, 1]
4278318	1	22626	Johnson & Wales (RI)	http://stats.ncaa.org/team/22626/12582	[25, 27, 17, 26, 3]
4278318	2		Ties		[6, 12, 2, 11, 31]
4278318	3		Lead changes		[0, 5, 0, 3, 8]
4278334	0	25719	Penn St.-Altoona	http://stats.ncaa.org/team/25719/12582	[25, 22, 23, 28, 15, 3]
4278334	1	538	Penn St.-Behrend	http://stats.ncaa.org/team/538/12582	[23, 25, 25, 26, 13, 2]
4278334	2		Ties		[7, 2, 6, 18, 11, 44]
4278334	3		Lead changes		[3, 1, 1, 4, 2, 11]
4278374	0	673	Springfield	http://stats.ncaa.org/team/673/12582	[25, 25, 24, 25, 3]
4278374	1	479	NYU	http://stats.ncaa.org/team/479/12582	[16, 11, 26, 22, 1]
4278374	2		Ties		[0]
4278374	3		Lead changes		[0]
4278387	0	30085	Lancaster Bible	http://stats.ncaa.org/team/30085/12582	[22, 25, 25, 25, 3]
4278387	1	966	Arcadia	http://stats.ncaa.org/team/966/12582	[25, 22, 16, 19, 1]
4278387	2		Ties		[2, 6, 0, 0, 8]
4278387	3		Lead changes		[2, 3, 0, 0, 5]
4278393	0	18422	Rivier	http://stats.ncaa.org/team/18422/12582	[24, 21, 23, 0]
4278393	1	292	Hunter	http://stats.ncaa.org/team/292/12582	[26, 25, 25, 3]
4278393	2		Ties		[16, 8, 7, 31]
4278393	3		Lead changes		[7, 4, 2, 13]
4278436	0	673	Springfield	http://stats.ncaa.org/team/673/12582	[25, 25, 25, 3]
4278436	1	58	Baruch	http://stats.ncaa.org/team/58/12582	[20, 17, 11, 0]
4278436	2		Ties		[1, 5, 1, 7]
4278436	3		Lead changes		[2, 2, 0, 4]
4278450	0	319	New Jersey City	http://stats.ncaa.org/team/319/12582	[18, 12, 25, 17, 1]
4278450	1	279	Lehman	http://stats.ncaa.org/team/279/12582	[25, 25, 13, 25, 3]
4278450	2		Ties		[1, 3, 4, 7, 15]
4278450	3		Lead changes		[0, 2, 3, 4, 9]
4278591	0	492	North Central (IL)	http://stats.ncaa.org/team/492/12582	[25, 25, 25, 3]
4278591	1	4	Adrian	http://stats.ncaa.org/team/4/12582	[10, 17, 23, 0]
4278591	2		Ties		[1, 0, 3, 4]
4278591	3		Lead changes		[0, 0, 1, 1]
4278608	0	121	Carthage	http://stats.ncaa.org/team/121/12582	[25, 25, 25, 3]
4278608	1	4	Adrian	http://stats.ncaa.org/team/4/12582	[15, 14, 18, 0]
4278608	2		Ties		[1, 0, 7, 8]
4278608	3		Lead changes		[0, 0, 2, 2]
4278621	0	1196	Marian (WI)	http://stats.ncaa.org/team/1196/12582	[13, 20, 25, 15, 1]
4278621	1	21852	Stevenson	http://stats.ncaa.org/team/21852/12582	[25, 25, 21, 25, 3]
4278621	2		Ties		[0, 8, 0, 0, 8]
4278621	3		Lead changes		[0, 5, 0, 0, 5]
4278648	0	8486	Lasell	http://stats.ncaa.org/team/8486/12582	[25, 25, 27, 3]
4278648	1	213	Elmira	http://stats.ncaa.org/team/213/12582	[17, 21, 25, 0]
4278648	2		Ties		[0, 0, 8, 8]
4278648	3		Lead changes		[0, 0, 4, 4]
4278680	0	24317	Lesley	http://stats.ncaa.org/team/24317/12582	[11, 12, 13, 0]
4278680	1	1064	Eastern Nazarene	http://stats.ncaa.org/team/1064/12582	[25, 25, 25, 3]
4278680	2		Ties		[2, 2, 2, 6]
4278680	3		Lead changes		[1, 1, 0, 2]
4278684	0	215	Emmanuel (MA)	http://stats.ncaa.org/team/215/12582	[21, 14, 18, 0]
4278684	1	532	Elms	http://stats.ncaa.org/team/532/12582	[25, 25, 25, 3]
4278684	2		Ties		[10, 0, 6, 16]
4278684	3		Lead changes		[6, 0, 3, 9]
4278686	0	21772	Newbury	http://stats.ncaa.org/team/21772/12582	[10, 25, 6, 15, 1]
4278686	1	214	Emerson	http://stats.ncaa.org/team/214/12582	[25, 20, 25, 25, 3]
4278686	2		Ties		[2, 3, 0, 4, 9]
4278686	3		Lead changes		[0, 1, 0, 1, 2]
4278696	0	762	Wentworth	http://stats.ncaa.org/team/762/12582	[27, 24, 17, 25, 6, 2]
4278696	1	398	MIT	http://stats.ncaa.org/team/398/12582	[25, 26, 25, 20, 15, 3]
4278696	2		Ties		[16, 11, 0, 5, 0, 32]
4278696	3		Lead changes		[7, 6, 0, 3, 0, 16]
4278839	0	12973	Wilson	http://stats.ncaa.org/team/12973/12582	[17, 20, 13, 0]
4278839	1	966	Arcadia	http://stats.ncaa.org/team/966/12582	[25, 25, 25, 3]
4278839	2		Ties		[4, 0, 1, 5]
4278839	3		Lead changes		[3, 0, 1, 4]
4278868	0	2730	York (NY)	http://stats.ncaa.org/team/2730/12582	[10, 13, 13, 0]
4278868	1	30085	Lancaster Bible	http://stats.ncaa.org/team/30085/12582	[25, 25, 25, 3]
4278868	2		Ties		[0, 2, 2, 4]
4278868	3		Lead changes		[0, 1, 1, 2]
4278883	0	296	Benedictine (IL)	http://stats.ncaa.org/team/296/12582	[25, 25, 25, 3]
4278883	1	1111	Greenville	http://stats.ncaa.org/team/1111/12582	[20, 20, 17, 0]
4278883	2		Ties		[9, 6, 6, 21]
4278883	3		Lead changes		[2, 3, 2, 7]
4278924	0	2730	York (NY)	http://stats.ncaa.org/team/2730/12582	[10, 12, 17, 0]
4278924	1	784	Wilkes	http://stats.ncaa.org/team/784/12582	[25, 25, 25, 3]
4278924	2		Ties		[1, 1, 2, 4]
4278924	3		Lead changes		[1, 0, 1, 2]
4278990	0	9500	SUNY Poly	http://stats.ncaa.org/team/9500/12582	[25, 25, 25, 3]
4278990	1	1379	Southern Vt.	http://stats.ncaa.org/team/1379/12582	[13, 13, 21, 0]
4278990	2		Ties		[4, 0, 1, 5]
4278990	3		Lead changes		[1, 0, 1, 2]
4279000	0	538	Penn St.-Behrend	http://stats.ncaa.org/team/538/12582	[25, 25, 25, 3]
4279000	1	8398	Hilbert	http://stats.ncaa.org/team/8398/12582	[15, 17, 20, 0]
4279000	2		Ties		[0]
4279000	3		Lead changes		[0]
4279008	0	279	Lehman	http://stats.ncaa.org/team/279/12582	[24, 26, 22, 23, 1]
4279008	1	451	Mt. St. Vincent	http://stats.ncaa.org/team/451/12582	[26, 24, 25, 25, 3]
4279008	2		Ties		[5, 19, 4, 10, 38]
4279008	3		Lead changes		[2, 9, 2, 4, 17]
4279057	0	319	New Jersey City	http://stats.ncaa.org/team/319/12582	[17, 22, 23, 0]
4279057	1	30029	Purchase	http://stats.ncaa.org/team/30029/12582	[25, 25, 25, 3]
4279057	2		Ties		[1, 2, 5, 8]
4279057	3		Lead changes		[0, 2, 2, 4]
4279410	0	213	Elmira	http://stats.ncaa.org/team/213/12582	[13, 21, 25, 25, 12, 2]
4279410	1	21852	Stevenson	http://stats.ncaa.org/team/21852/12582	[25, 25, 22, 23, 15, 3]
4279410	2		Ties		[0, 7, 5, 1, 9, 22]
4279410	3		Lead changes		[0, 4, 1, 1, 3, 9]
4279412	0	21852	Stevenson	http://stats.ncaa.org/team/21852/12582	[27, 25, 25, 3]
4279412	1	761	Wells	http://stats.ncaa.org/team/761/12582	[25, 11, 18, 0]
4279412	2		Ties		[0]
4279412	3		Lead changes		[0]
4279425	0	544	Pine Manor	http://stats.ncaa.org/team/544/12582	[18, 21, 17, 0]
4279425	1	27901	Mount Ida	http://stats.ncaa.org/team/27901/12582	[25, 25, 25, 3]
4279425	2		Ties		[2, 11, 3, 16]
4279425	3		Lead changes		[1, 7, 1, 9]
4279443	0	544	Pine Manor	http://stats.ncaa.org/team/544/12582	[7, 10, 11, 0]
4279443	1	214	Emerson	http://stats.ncaa.org/team/214/12582	[25, 25, 25, 3]
4279443	2		Ties		[0, 2, 1, 3]
4279443	3		Lead changes		[0, 2, 1, 3]
4279449	0	11538	Fontbonne	http://stats.ncaa.org/team/11538/12582	[22, 32, 25, 25, 3]
4279449	1	1111	Greenville	http://stats.ncaa.org/team/1111/12582	[25, 30, 23, 23, 1]
4279449	2		Ties		[0, 14, 7, 5, 26]
4279449	3		Lead changes		[0, 6, 2, 3, 11]
4279551	0	1340	St. Joseph's (L.I.)	http://stats.ncaa.org/team/1340/12582	[25, 25, 25, 3]
4279551	1	79	Brooklyn	http://stats.ncaa.org/team/79/12582	[19, 19, 12, 0]
4279551	2		Ties		[1, 4, 1, 6]
4279551	3		Lead changes		[0, 2, 0, 2]
4279559	0	398	MIT	http://stats.ncaa.org/team/398/12582	[25, 25, 25, 3]
4279559	1	27901	Mount Ida	http://stats.ncaa.org/team/27901/12582	[5, 19, 18, 0]
4279559	2		Ties		[0, 2, 4, 6]
4279559	3		Lead changes		[0, 0, 1, 1]
4279581	0	532	Elms	http://stats.ncaa.org/team/532/12582	[20, 23, 22, 0]
4279581	1	11036	Sage Colleges	http://stats.ncaa.org/team/11036/12582	[25, 25, 25, 3]
4279581	2		Ties		[7, 15, 5, 27]
4279581	3		Lead changes		[1, 4, 4, 9]
4279600	0	471	NJIT	http://stats.ncaa.org/team/471/12582	[25, 25, 25, 3]
4279600	1	589	Rutgers-Newark	http://stats.ncaa.org/team/589/12582	[15, 21, 19, 0]
4279600	2		Ties		[0, 6, 10, 16]
4279600	3		Lead changes		[0, 1, 4, 5]
4279668	0		Calumet Col.		[18, 23, 18, 0]
4279668	1	30172	IIT	http://stats.ncaa.org/team/30172/12582	[25, 25, 25, 3]
4279668	2		Ties		[2, 16, 9, 27]
4279668	3		Lead changes		[0, 3, 3, 6]
4279673	0	492	North Central (IL)	http://stats.ncaa.org/team/492/12582	[17, 18, 15, 0]
4279673	1	20220	MSOE	http://stats.ncaa.org/team/20220/12582	[25, 25, 25, 3]
4279673	2		Ties		[0, 3, 1, 4]
4279673	3		Lead changes		[0, 0, 0, 0]
4279893	0	403	Medgar Evers	http://stats.ncaa.org/team/403/12582	[10, 15, 13, 0]
4279893	1	2798	Albertus Magnus	http://stats.ncaa.org/team/2798/12582	[25, 25, 25, 3]
4279893	2		Ties		[1, 2, 1, 4]
4279893	3		Lead changes		[1, 1, 0, 2]
4279938	0	784	Wilkes	http://stats.ncaa.org/team/784/12582	[15, 12, 19, 0]
4279938	1	30085	Lancaster Bible	http://stats.ncaa.org/team/30085/12582	[25, 25, 25, 3]
4279938	2		Ties		[3, 2, 8, 13]
4279938	3		Lead changes		[1, 2, 5, 8]
