Albertus Magnus,2798,2014-15,Kelvin Jones,0-0,.000,""
Albertus Magnus,2798,2013-14,Omar Ramirez,11-12,.478,""
Albertus Magnus,2798,2012-13,Omar Ramirez,10-15,.400,""
Albertus Magnus,2798,2011-12,Omar Ramirez,19-10,.655,""
Albertus Magnus,2798,2010-11,Omar Ramirez,1-19,.050,""
Albertus Magnus,2798,2009-10,Steve Wydra,0-19,.000,""
Albertus Magnus,2798,2008-09,Steve Wydra,2-15,.118,First Season of Competition
Alderson Broaddus,934,2014-15,Greg Walker,0-0,.000,""
Ball St.,47,2014-15,Joel Walton,0-0,.000,""
Ball St.,47,2013-14,Joel Walton,22-8,.733,""
Ball St.,47,2012-13,Joel Walton,21-6,.778,""
Ball St.,47,2011-12,Joel Walton,14-12,.538,""
Ball St.,47,2010-11,Joel Walton,19-11,.633,""
Ball St.,47,2009-10,Joel Walton,19-11,.633,""
Ball St.,47,2008-09,Joel Walton,18-10,.643,""
Ball St.,47,2007-08,Joel Walton,21-10,.677,""
Ball St.,47,2006-07,Joel Walton,18-12,.600,""
Ball St.,47,2005-06,Joel Walton,21-7,.750,""
Ball St.,47,2004-05,Joel Walton,17-15,.531,""
Ball St.,47,2003-04,Joel Walton,22-9,.710,""
Ball St.,47,2002-03,Joel Walton,21-7,.750,""
Ball St.,47,2001-02,Joel Walton,24-7,.774,""
Ball St.,47,2000-01,Joel Walton,20-8,.714,""
Ball St.,47,1999-00,Joel Walton,16-15,.516,""
Ball St.,47,1998-99,Joel Walton,13-14,.481,""
Ball St.,47,1997-98,Don Shondell,10-18,.357,""
Ball St.,47,1996-97,Don Shondell,27-8,.771,""
Ball St.,47,1995-96,Don Shondell,28-7,.800,""
Ball St.,47,1994-95,Don Shondell,25-9,.735,""
Ball St.,47,1993-94,Don Shondell,28-10,.737,""
Ball St.,47,1992-93,Don Shondell,17-11,.607,""
Ball St.,47,1991-92,Don Shondell,11-13,.458,""
Ball St.,47,1990-91,Don Shondell,16-20,.444,""
Ball St.,47,1989-90,Don Shondell,28-11,.718,""
Ball St.,47,1988-89,Don Shondell,17-14,.548,""
Ball St.,47,1987-88,Don Shondell,19-9,.679,""
Ball St.,47,1986-87,Don Shondell,23-13,.639,""
Ball St.,47,1985-86,Don Shondell,21-15,.583,""
Ball St.,47,1984-85,Don Shondell,22-13,.629,""
Ball St.,47,1983-84,Don Shondell,26-11,.703,""
Ball St.,47,1982-83,Don Shondell,31-8,.795,""
Ball St.,47,1981-82,Don Shondell,35-6,.854,""
Ball St.,47,1980-81,Don Shondell,22-9,.710,""
Ball St.,47,1979-80,Don Shondell,24-6,.800,""
Ball St.,47,1978-79,Don Shondell,26-6,.812,""
Ball St.,47,1977-78,Don Shondell,22-7,.759,""
Ball St.,47,1976-77,Don Shondell,17-4,.810,""
Ball St.,47,1975-76,Don Shondell,21-2,.913,""
Ball St.,47,1974-75,Don Shondell,19-3,.864,""
Ball St.,47,1973-74,Don Shondell,21-4,.840,""
Ball St.,47,1972-73,Don Shondell,25-8,.758,""
Ball St.,47,1971-72,Don Shondell,21-5,.808,""
Ball St.,47,1970-71,Don Shondell,19-3,.864,""
Ball St.,47,1969-70,Don Shondell,20-4,.833,""
Ball St.,47,1968-69,Don Shondell,21-9,.700,""
Ball St.,47,1967-68,Don Shondell,30-3,.909,""
Ball St.,47,1966-67,Don Shondell,28-3,.903,""
Ball St.,47,1965-66,Don Shondell,23-4,.852,""
Ball St.,47,1964-65,Marvin Gray,35-5-2,.857,""
Ball St.,47,1963-64,Don Shondell,26-4-5,.814,""
Bard,962,2014-15,Stefanie Carrington,0-0,.000,""
Bard,962,2013-14,Stefanie Carrington,8-24,.250,""
Bard,962,2012-13,Mike Abalos,10-20,.333,""
Bard,962,2011-12,Mike Abalos,9-20,.310,""
Bard,962,2010-11,Mike Abalos,20-13,.606,""
Bard,962,2009-10,Mike Abalos,15-13,.536,""
Bard,962,2008-09,Mike Abalos,16-16,.500,""
Bard,962,2007-08,Mike Abalos,17-13,.567,""
Barton,15646,2014-15,Jeff Lennox,0-0,.000,""
Barton,15646,2013-14,Jeff Lennox,12-17,.414,""
Barton,15646,2012-13,Jeff Lennox,3-20,.130,""
Barton,15646,2011-12,Jim Freeman,0-17,.000,First Season of competition
Baruch,58,2014-15,Danial Levent,0-0,.000,""
Baruch,58,2013-14,Danial Levent,27-11,.711,""
Baruch,58,2012-13,Allison Stack (Gunther),33-6,.846,""
Baruch,58,2011-12,Allison Stack (Gunther),24-17,.585,""
Baruch,58,2010-11,Allison Stack (Gunther),34-16,.680,""
Baruch,58,2009-10,Allison Stack (Gunther),33-6,.846,""
Baruch,58,2008-09,Allison Stack (Gunther),35-10,.778,""
Baruch,58,2007-08,Allison Stack (Gunther),23-14,.622,""
Baruch,58,2006-07,Justin Stack,21-18,.538,""
Baruch,58,2005-06,Justin Stack,29-7,.806,""
Baruch,58,2004-05,Justin Stack,14-11,.560,""
Baruch,58,2003-04,Justin Stack,11-12,.478,""
Baruch,58,2002-03,Justin Stack,3-13,.188,""
Belmont Abbey,2683,2014-15,Mary DeJute,0-0,.000,""
Belmont Abbey,2683,2013-14,Mary DeJute,3-25,.107,""
Belmont Abbey,2683,2012-13,Mary DeJute,11-20,.355,First year as varsity program
Benedictine (IL),296,2014-15,Dan Buehring,0-0,.000,First year of competition
Brooklyn,79,2014-15,Joseph Contello,0-0,.000,""
Brooklyn,79,2013-14,Michael Salak,16-15,.516,""
Brooklyn,79,2012-13,Michael Salak,13-12,.520,""
Brooklyn,79,2011-12,Michael Salak,10-14,.417,""
Brooklyn,79,2010-11,Patricia Morris,8-14,.364,""
Brooklyn,79,2009-10,Patricia Morris,3-18,.143,""
Brooklyn,79,2008-09,Andrew Woolward,7-15,.318,""
Brooklyn,79,2007-08,Andrew Woolward,7-16,.304,""
Brooklyn,79,2006-07,Andrew Woolward,15-9,.625,""
Brooklyn,79,2005-06,Andrew Woolward,0-0,.000,""
Brooklyn,79,2004-05,Andrew Woolward,0-0,.000,""
Brooklyn,79,2003-04,Andrew Woolward,0-0,.000,""
BYU,77,2014-15,Chris McGown,0-0,.000,""
BYU,77,2013-14,Chris McGown,21-9,.700,""
BYU,77,2012-13,Chris McGown,26-5,.839,""
BYU,77,2011-12,Chris McGown,24-7,.774,""
BYU,77,2010-11,Rob Neilson,20-8,.714,Interim Head Coach
BYU,77,2009-10,Shawn Patchell,22-9,.710,""
BYU,77,2008-09,Shawn Patchell,17-13,.567,""
BYU,77,2007-08,Shawn Patchell,25-5,.833,""
BYU,77,2006-07,Shawn Patchell,23-6,.793,""
BYU,77,2005-06,Tom Peterson,18-9,.667,""
BYU,77,2004-05,Tom Peterson,20-10,.667,""
BYU,77,2003-04,Tom Peterson,29-4,.879,National Champions
BYU,77,2002-03,Tom Peterson,23-7,.767,National Runner-Up
BYU,77,2001-02,Carl McGown,23-7,.767,""
BYU,77,2000-01,Carl McGown,23-4,.852,National Champions
BYU,77,1999-00,Carl McGown,18-9,.667,""
BYU,77,1998-99,Carl McGown,30-1,.968,National Champions
BYU,77,1997-98,Carl McGown,16-6,.727,""
BYU,77,1996-97,Carl McGown,20-6,.769,""
BYU,77,1995-96,Carl McGown,8-14,.364,""
BYU,77,1994-95,Carl McGown,14-8,.636,""
BYU,77,1993-94,Carl McGown,21-6,.778,""
BYU,77,1992-93,Carl McGown,15-10,.600,""
BYU,77,1991-92,Carl McGown,10-13,.435,""
BYU,77,1990-91,Carl McGown,2-25,.074,""
BYU,77,1989-90,Carl McGown,5-22,.185,First Season of Competition
Cairn,1305,2014-15,Ben Fuller,0-0,.000,""
Cairn,1305,2013-14,Ben Fuller,9-16,.360,""
Cairn,1305,2012-13,Ben Fuller,8-19,.296,School name change from Phila. Biblical
Cairn,1305,2011-12,Ben Fuller,12-22,.353,""
Cairn,1305,2010-11,Jade Brubaker,23-11,.676,""
Cairn,1305,2009-10,Jade Brubaker,23-11,.676,""
Cairn,1305,2008-09,Jade Brubaker,21-12,.636,""
Cairn,1305,2007-08,Jade Brubaker,24-6,.800,""
Cairn,1305,2006-07,Jade Brubaker,21-14,.600,""
Cairn,1305,2005-06,Jade Brubaker,11-15,.423,""
Cairn,1305,2004-05,Julie Brubaker,14-15,.483,""
Cairn,1305,2003-04,Kyle Landis,21-11,.656,""
Cairn,1305,2002-03,Dave Emmons,10-17,.370,""
Cairn,1305,2001-02,Dave Emmons,9-10,.474,""
Cairn,1305,2000-01,Dave Emmons,6-15,.286,""
Cairn,1305,1999-00,Dave Emmons,9-6,.600,""
Cairn,1305,1997-98,Ben Martin,9-8,.529,""
Cairn,1305,1996-97,Kevin Skaer,15-8,.652,""
Cairn,1305,1995-96,Kevin Skaer,12-11,.522,""
Cairn,1305,1994-95,Kevin Skaer,20-1,.952,""
Cairn,1305,1993-94,Kevin Skaer,12-2,.857,First Season of Competition
California Baptist,30135,2014-15,Wes Schneider,0-0,.000,""
California Baptist,30135,2013-14,Wes Schneider,4-24,.143,""
California Baptist,30135,2012-13,Wes Schneider,16-14,.533,""
California Baptist,30135,2011-12,Allan Vince,12-16,.429,Interim Head Coach
Carthage,121,2014-15,L.J. Marx,0-0,.000,""
Carthage,121,2013-14,L.J. Marx,23-8,.742,""
Carthage,121,2012-13,L.J. Marx,24-8,.750,""
Carthage,121,2011-12,L.J. Marx,29-6,.829,National Runner-Up
Carthage,121,2010-11,L.J. Marx,23-11,.676,""
Carthage,121,2009-10,L.J. Marx,21-12,.636,""
Carthage,121,2008-09,L.J. Marx,8-25,.242,""
Carthage,121,2007-08,L.J. Marx,18-15,.545,""
Carthage,121,2006-07,L.J. Marx,25-8,.758,""
Carthage,121,2005-06,L.J. Marx,12-13,.480,""
Carthage,121,2004-05,L.J. Marx,17-9,.654,First Season of Competition
Cazenovia,23624,2014-15,Bryan Bobo,0-0,.000,""
Cazenovia,23624,2013-14,Bryan Bobo,1-22,.043,""
Cazenovia,23624,2012-13,Bryan Bobo,0-23,.000,First year as varsity program.
CCNY,480,2014-15,Andrijana Todorovic,0-0,.000,""
CCNY,480,2013-14,Taisiya Zuyeva,9-20,.310,""
CCNY,480,2012-13,Mark Ribeiro II,13-15,.464,""
CCNY,480,2011-12,Mark Ribeiro II,9-23,.281,""
CCNY,480,2010-11,Emmanuel Palatulan,10-23,.303,""
CCNY,480,2009-10,Emmanuel Palatulan,10-17,.370,""
CCNY,480,2008-09,Krishna Dass,9-20,.310,""
Charleston (WV),1013,2014-15,Michael Crane,0-0,.000,First year of competition
City Tech,8580,2011-12,Eder Mathelier,0-0,.000,""
City Tech,8580,2010-11,Eder Mathelier,3-20,.130,""
City Tech,8580,2009-10,Eder Mathelier,9-15,.375,""
City Tech,8580,2008-09,Eder Mathelier,16-9,.640,""
Coker,1023,2014-15,Allison Stack (Gunther),0-0,.000,""
Coker,1023,2013-14,Allison Stack (Gunther),8-21,.276,""
Coker,1023,2012-13,Todd Caughlin,6-15,.286,First year of program
Concordia (NY),162,1993-94,Peter Volkert,15-17,.469,""
CSUN,101,2014-15,Jeff Campbell,0-0,.000,""
CSUN,101,2013-14,Jeff Campbell,10-17,.370,""
CSUN,101,2012-13,Jeff Campbell,11-15,.423,""
CSUN,101,2011-12,Jeff Campbell,12-18,.400,""
CSUN,101,2010-11,Jeff Campbell,7-22,.241,""
CSUN,101,2009-10,Jeff Campbell,23-10,.697,""
CSUN,101,2008-09,Jeff Campbell,24-7,.774,""
CSUN,101,2007-08,Jeff Campbell,23-7,.767,""
CSUN,101,2006-07,Jeff Campbell,18-15,.545,""
CSUN,101,2005-06,Jeff Campbell,18-11,.621,""
CSUN,101,2004-05,Jeff Campbell,19-14,.576,""
CSUN,101,2003-04,Jeff Campbell,19-11,.633,""
CSUN,101,2002-03,Jeff Campbell,18-12,.600,""
CSUN,101,2001-02,Jeff Campbell,13-16,.448,""
CSUN,101,2000-01,Jeff Campbell,12-15,.444,""
CSUN,101,1999-00,Jeff Campbell,12-14,.462,""
CSUN,101,1998-99,Jeff Campbell,4-21,.160,""
CSUN,101,1997-98,Jeff Campbell,10-14,.417,""
CSUN,101,1996-97,John Price,14-13,.519,""
CSUN,101,1995-96,John Price,16-12,.571,""
CSUN,101,1994-95,John Price,16-12,.571,""
CSUN,101,1993-94,John Price,17-10,.630,""
CSUN,101,1992-93,John Price,23-10,.697,National Runner-Up
CSUN,101,1991-92,John Price,19-12,.613,""
CSUN,101,1990-91,John Price,22-7,.759,First Division I season
CSUN,101,1989-90,John Price,13-12,.520,""
CSUN,101,1988-89,John Price,10-17,.370,""
CSUN,101,1987-88,John Price,15-18,.455,""
CSUN,101,1986-87,John Price,15-18,.455,""
CSUN,101,1985-86,John Price,14-17,.452,""
CSUN,101,1984-85,Walt Ker,15-19,.441,""
CSUN,101,1983-84,Walt Ker,10-19,.345,""
CSUN,101,1982-83,Walt Ker,13-19,.406,""
CSUN,101,1981-82,Walt Ker,21-14-1,.597,""
CSUN,101,1980-81,Walt Ker,18-10,.643,""
CSUN,101,1979-80,Walt Ker,13-13,.500,""
CSUN,101,1978-79,Walt Ker,20-8,.714,""
CSUN,101,1977-78,Walt Ker,15-7,.682,""
CSUN,101,1976-77,Walt Ker,12-5,.706,""
D'Youville,1059,2014-15,Nick Johnson,0-0,.000,""
D'Youville,1059,2013-14,John Hutton,5-19,.208,""
D'Youville,1059,2012-13,John Hutton,16-16,.500,""
D'Youville,1059,2011-12,John Hutton,13-16,.448,""
D'Youville,1059,2010-11,John Hutton,14-13,.519,""
D'Youville,1059,2009-10,John Hutton,18-14,.562,""
D'Youville,1059,2008-09,John Hutton,9-15,.375,""
D'Youville,1059,2007-08,John Hutton,13-13,.500,""
D'Youville,1059,2006-07,John Hutton,25-11,.694,""
D'Youville,1059,2005-06,John Hutton,22-8,.733,""
D'Youville,1059,2004-05,John Hutton,12-13,.480,""
D'Youville,1059,2003-04,John Hutton,16-14,.533,""
D'Youville,1059,2002-03,John Hutton,17-13,.567,""
D'Youville,1059,2001-02,John Hutton,9-24,.273,""
D'Youville,1059,2000-01,John Hutton,24-15,.615,""
D'Youville,1059,1999-00,John Hutton,30-7,.811,""
D'Youville,1059,1998-99,John Hutton,32-3,.914,""
D'Youville,1059,1997-98,John Hutton,9-6,.600,""
D'Youville,1059,1996-97,John Hutton,0-0,.000,First Season of Varsity Competition
Daniel Webster,2691,2014-15,Braden Zamore,0-0,.000,""
Daniel Webster,2691,2013-14,Braden Zamore,13-14,.481,""
Daniel Webster,2691,2012-13,Braden Zamore,15-13,.536,""
Daniel Webster,2691,2011-12,Braden Zamore,14-8,.636,""
Daniel Webster,2691,2010-11,Braden Zamore,6-14,.300,""
Daniel Webster,2691,2009-10,Braden Zamore,9-12,.429,""
Daniel Webster,2691,2008-09,Braden Zamore,5-13,.278,""
Dominican (IL),1332,2014-15,Dan Ames,0-0,.000,""
Dominican (IL),1332,2013-14,Dan Ames,13-14,.481,""
East Stroudsburg,197,2009-10,Dustin Wood,0-0,.000,""
East Stroudsburg,197,2008-09,Dustin Wood,10-9,.526,""
East. Mennonite,203,2014-15,Dominick Porter,0-0,.000,""
East. Mennonite,203,2013-14,Dominick Porter,12-14,.462,""
East. Mennonite,203,2012-13,Gary Moore (2),14-13,.519,""
East. Mennonite,203,2011-12,Derek King,11-14,.440,Interim Head Coach
East. Mennonite,203,2010-11,Steve Benson,11-17,.393,""
East. Mennonite,203,2009-10,Steve Benson,11-15,.423,""
East. Mennonite,203,2008-09,Steve Benson,14-18,.438,""
East. Mennonite,203,2007-08,Steve Benson,16-13,.552,""
East. Mennonite,203,2006-07,Steve Benson,22-11,.667,""
East. Mennonite,203,2005-06,Steve Benson,19-8,.704,""
East. Mennonite,203,2004-05,Fred Miller,13-8,.619,""
East. Mennonite,203,2003-04,Jason Axford,13-9,.591,""
East. Mennonite,203,2002-03,Jason Axford,15-10,.600,""
East. Mennonite,203,2001-02,Jason Axford,19-7,.731,""
East. Mennonite,203,2000-01,Steve Gatson,4-9,.308,""
East. Mennonite,203,1999-00,Steve Gatson,7-8,.467,""
East. Mennonite,203,1998-99,Steve Gatson,7-14,.333,""
East. Mennonite,203,1997-98,Sandra Brownscombe,9-13,.409,""
East. Mennonite,203,1996-97,Sandra Brownscombe,8-14,.364,""
East. Mennonite,203,1995-96,Sandra Brownscombe,11-14,.440,""
East. Mennonite,203,1994-95,Sandra Brownscombe,6-17,.261,""
East. Mennonite,203,1993-94,Sandra Brownscombe,3-13,.188,""
East. Mennonite,203,1992-93,Sandra Brownscombe,7-14,.333,""
East. Mennonite,203,1991-92,Sandra Brownscombe,5-6,.455,""
East. Mennonite,203,1990-91,Sandra Brownscombe,4-6,.400,First Season of Competition
Elmira,213,2014-15,Stephan England,0-0,.000,""
Elmira,213,2013-14,Stephan England,24-10,.706,""
Elmira,213,2012-13,Stephan England,19-16,.543,""
Elmira,213,2011-12,Jeff Lennox,22-18,.550,""
Elmira,213,2010-11,Jeff Lennox,11-21,.344,""
Elms,532,2014-15,Shelia Gisbrecht,0-0,.000,""
Elms,532,2013-14,Shelia Gisbrecht,6-17,.261,""
Elms,532,2012-13,Shelia Gisbrecht,15-14,.517,""
Elms,532,2011-12,Shelia Gisbrecht,20-8,.714,""
Elms,532,2010-11,Shelia Gisbrecht,13-17,.433,""
Elms,532,2009-10,Shelia Gisbrecht,5-25,.167,""
Elms,532,2008-09,Shelia Gisbrecht,20-13,.606,""
Elms,532,2007-08,Byron Bledsoe,19-10,.655,""
Elms,532,2006-07,Cathy Markowski,10-13,.435,""
Elms,532,2005-06,Cathy Markowski,6-13,.316,""
Elms,532,2004-05,Fito Ramos,3-17,.150,""
Elms,532,2003-04,Fito Ramos,0-19,.000,""
Elms,532,2002-03,Fito Ramos,1-15,.062,""
Emerson,214,2014-15,Ben Read,0-0,.000,""
Emerson,214,2013-14,Ben Read,11-15,.423,""
Emerson,214,2012-13,Ben Read,11-17,.393,""
Emerson,214,2011-12,Craig Letourneau,10-15,.400,""
Emerson,214,2010-11,Craig Letourneau,11-18,.379,""
Emerson,214,2009-10,Craig Letourneau,10-11,.476,""
Emerson,214,2008-09,Craig Letourneau,4-14,.222,""
Emmanuel (GA),30193,2014-15,Jason Farr,0-0,.000,""
Emmanuel (GA),30193,2013-14,Jason Farr,15-13,.536,""
Emmanuel (MA),215,2014-15,Bori May,0-0,.000,""
Emmanuel (MA),215,2013-14,Adam Martel,18-12,.600,""
Emmanuel (MA),215,2012-13,Adam Martel,18-14,.562,""
Emmanuel (MA),215,2011-12,Adam Martel,17-12,.586,""
Emmanuel (MA),215,2010-11,Adam Martel,28-9,.757,""
Emmanuel (MA),215,2009-10,Christopher Wright,27-11,.711,""
Emmanuel (MA),215,2008-09,Christopher Wright,19-13,.594,""
Emmanuel (MA),215,2007-08,Christopher Wright,14-15,.483,""
Emmanuel (MA),215,2006-07,Christopher Wright,14-11,.560,""
Emmanuel (MA),215,2005-06,Christopher Wright,12-12,.500,""
Emmanuel (MA),215,2004-05,Christopher Wright,9-15,.375,""
Emmanuel (MA),215,2003-04,Christopher Wright,0-0,.000,""
Emmanuel (MA),215,2002-03,Paul Dill,12-8,.600,""
Endicott,8981,2014-15,George Chapell,0-0,.000,""
Endicott,8981,2013-14,George Chapell,19-13,.594,""
Endicott,8981,2012-13,George Chapell,22-10,.688,""
Endicott,8981,2011-12,Tim Byram,17-15,.531,""
Endicott,8981,2010-11,Tim Byram,24-14,.632,""
Endicott,8981,2009-10,Tim Byram,27-8,.771,""
Endicott,8981,2008-09,Tim Byram,22-13,.629,""
Endicott,8981,2007-08,Tim Byram,19-16,.543,""
Endicott,8981,2006-07,Tim Byram,16-17,.485,""
Endicott,8981,2005-06,Tim Byram,12-19,.387,""
Endicott,8981,2004-05,Tim Byram,20-10,.667,""
Endicott,8981,2003-04,Tim Byram,20-16,.556,""
Endicott,8981,2002-03,Tim Byram,17-10,.630,""
Endicott,8981,2001-02,Tim Byram,10-10,.500,""
Endicott,8981,2000-01,Tim Byram,9-16,.360,""
Endicott,8981,1999-00,Tony Giarla,6-15,.286,""
Erskine,1072,2014-15,Cole Tallman,0-0,.000,""
Erskine,1072,2013-14,Derek Schmitt,21-7,.750,""
Erskine,1072,2012-13,Derek Schmitt,13-16,.448,First Year of Program
Fontbonne,11538,2014-15,Mike Haston,0-0,.000,""
Fontbonne,11538,2013-14,Mike Haston,8-13,.381,""
Fontbonne,11538,2012-13,Mike Haston,2-20,.091,""
Fontbonne,11538,2011-12,Matt Bright,5-27,.156,""
Fontbonne,11538,2010-11,Matt Bright,8-17,.320,""
Fontbonne,11538,2009-10,Matt Bright,3-21,.125,""
Fontbonne,11538,2008-09,Matt Bright,0-21,.000,""
Fontbonne,11538,2007-08,Matt Bright,2-19,.095,First Season of Varsity Competition
Gallaudet,245,2013-14,Heather Hollidge,0-0,.000,""
Gallaudet,245,2012-13,Heather Hollidge,1-20,.048,First year as varsity program.
George Mason,248,2014-15,Fred Chao,0-0,.000,""
George Mason,248,2013-14,Fred Chao,14-14,.500,""
George Mason,248,2012-13,Fred Chao,15-12,.556,""
George Mason,248,2011-12,Fred Chao,13-17,.433,""
George Mason,248,2010-11,Fred Chao,17-11,.607,""
George Mason,248,2009-10,Fred Chao,8-19,.296,""
George Mason,248,2008-09,Fred Chao,14-16,.467,""
George Mason,248,2007-08,Fred Chao,20-8,.714,""
George Mason,248,2006-07,Fred Chao,12-10,.545,""
George Mason,248,2005-06,Fred Chao,22-6,.786,""
George Mason,248,2004-05,Fred Chao,19-10,.655,""
George Mason,248,2003-04,Fred Chao,7-18,.280,""
George Mason,248,2002-03,Fred Chao,16-10,.615,""
George Mason,248,2001-02,Fred Chao,17-9,.654,""
George Mason,248,2000-01,Fred Chao,20-7,.741,""
George Mason,248,1999-00,Fred Chao,9-16,.360,""
George Mason,248,1998-99,Fred Chao,8-13,.381,""
George Mason,248,1997-98,"Ron Shayka(10-12)
               
               -
               Uvaldo Acosta(10-12)",10-12,.455,""
George Mason,248,1996-97,Uvaldo Acosta,11-13,.458,""
George Mason,248,1995-96,Ron Shayka,11-18,.379,""
George Mason,248,1994-95,Ron Shayka,22-9,.710,""
George Mason,248,1993-94,Ron Shayka,18-17,.514,""
George Mason,248,1992-93,Ron Shayka,19-15,.559,""
George Mason,248,1991-92,Ron Shayka,14-15,.483,""
George Mason,248,1990-91,Ron Shayka,18-14,.562,""
George Mason,248,1989-90,Wayne Stalick,22-20,.524,""
George Mason,248,1988-89,Wayne Stalick,14-17,.452,""
George Mason,248,1987-88,Wayne Stalick,32-13,.711,""
George Mason,248,1986-87,Wayne Stalick,37-5,.881,""
George Mason,248,1985-86,Ron Shayka,27-5,.844,""
George Mason,248,1984-85,Wayne Stalick,28-7,.800,""
George Mason,248,1983-84,Wayne Stalick,29-4,.879,""
George Mason,248,1982-83,Wayne Stalick,31-8-2,.780,""
George Mason,248,1981-82,Wayne Stalick,32-16-1,.663,""
George Mason,248,1980-81,Wayne Stalick,25-21-2,.542,""
George Mason,248,1979-80,Wayne Stalick,30-14-2,.674,""
George Mason,248,1978-79,Wayne Stalick,35-9-1,.789,""
George Mason,248,1977-78,Wayne Stalick,23-12-1,.653,""
George Mason,248,1976-77,Wayne Stalick,33-14-1,.698,""
George Mason,248,1975-76,Wayne Stalick,18-22-1,.451,""
George Mason,248,1974-75,Wayne Stalick,18-8,.692,First Season of Competition
Grand Canyon,1104,2014-15,Jeremy Price,0-0,.000,""
Grand Canyon,1104,2013-14,Jeremy Price,14-18,.438,""
Grand Canyon,1104,2012-13,Jeremy Price,17-15,.531,""
Grand Canyon,1104,2011-12,Jeremy Price,15-17,.469,""
Grand Canyon,1104,2010-11,Jeremy Price,8-24,.250,""
Grand Canyon,1104,2009-10,Chad Speer,14-26,.350,""
Grand Canyon,1104,2008-09,Chad Speer,4-25,.138,""
Harvard,275,2014-15,Brian Baise,0-0,.000,""
Harvard,275,2013-14,Brian Baise,15-8,.652,""
Harvard,275,2012-13,Brian Baise,18-9,.667,""
Harvard,275,2011-12,Brian Baise,18-6,.750,""
Harvard,275,2010-11,Brian Baise,9-13,.409,""
Harvard,275,2009-10,Brian Baise,5-16,.238,""
Harvard,275,2008-09,Brian Baise,11-8,.579,""
Harvard,275,2007-08,Jen Weise,9-10,.474,""
Harvard,275,2006-07,Chris Ridolfi,11-6,.647,""
Harvard,275,2005-06,Chris Ridolfi,9-12,.429,""
Harvard,275,2004-05,Chris Ridolfi,13-6,.684,""
Harvard,275,2003-04,Rob Keller,10-6,.625,""
Harvard,275,2002-03,Rob Keller,10-6,.625,""
Harvard,275,2001-02,Tom Wilson (3),8-13,.381,""
Harvard,275,2000-01,Tom Wilson (3),10-9,.526,""
Harvard,275,1999-00,Tom Wilson (3),16-8,.667,""
Harvard,275,1998-99,Tom Wilson (3),15-11,.577,""
Harvard,275,1997-98,Ishan Gurdal,15-15,.500,""
Harvard,275,1996-97,Ishan Gurdal,17-14,.548,""
Harvard,275,1995-96,Ishan Gurdal,6-17,.261,""
Harvard,275,1994-95,Ishan Gurdal,18-15,.545,""
Harvard,275,1993-94,Ishan Gurdal,14-9,.609,""
Harvard,275,1992-93,Ishan Gurdal,26-2,.929,""
Harvard,275,1991-92,Ishan Gurdal,22-9,.710,""
Harvard,275,1990-91,Ishan Gurdal,10-8,.556,""
Harvard,275,1989-90,Ishan Gurdal,10-15,.400,""
Harvard,275,1988-89,Ishan Gurdal,7-11,.389,""
Harvard,275,1987-88,Ishan Gurdal,5-10,.333,""
Harvard,275,1986-87,Ishan Gurdal,6-10,.375,""
Harvard,275,1985-86,Ishan Gurdal,11-12,.478,""
Harvard,275,1984-85,Ishan Gurdal,13-7,.650,""
Harvard,275,1983-84,Ishan Gurdal,16-7-1,.688,""
Harvard,275,1982-83,Ishan Gurdal,16-1-2,.895,""
Harvard,275,1981-82,Roger Martin,17-6,.739,""
Harvard,275,1980-81,Roger Martin,14-7-1,.659,""
Hawaii,277,2014-15,Charlie Wade,0-0,.000,""
Hawaii,277,2013-14,Charlie Wade,15-12,.556,""
Hawaii,277,2012-13,Charlie Wade,11-17,.393,""
Hawaii,277,2011-12,Charlie Wade,7-20,.259,""
Hawaii,277,2010-11,Charlie Wade,15-13,.536,""
Hawaii,277,2009-10,Charlie Wade,19-10,.655,""
Hawaii,277,2008-09,Mike Wilton,9-18,.333,""
Hawaii,277,2007-08,Mike Wilton,11-16,.407,""
Hawaii,277,2006-07,Mike Wilton,13-14,.481,""
Hawaii,277,2005-06,Mike Wilton,23-5,.821,""
Hawaii,277,2004-05,Mike Wilton,19-9,.679,""
Hawaii,277,2003-04,Mike Wilton,17-12,.586,""
Hawaii,277,2002-03,Mike Wilton,24-6,.800,""
Hawaii,277,2001-02,Mike Wilton,24-8,.750,Championship Vacated
Hawaii,277,2000-01,Mike Wilton,19-7,.731,""
Hawaii,277,1999-00,Mike Wilton,19-10,.655,""
Hawaii,277,1998-99,Mike Wilton,19-10,.655,""
Hawaii,277,1997-98,Mike Wilton,23-6,.793,""
Hawaii,277,1996-97,Mike Wilton,18-11,.621,""
Hawaii,277,1995-96,Mike Wilton,27-3,.900,National Runner-Up
Hawaii,277,1994-95,Mike Wilton,19-8,.704,""
Hawaii,277,1993-94,Mike Wilton,14-14,.500,""
Hawaii,277,1992-93,Mike Wilton,18-10,.643,""
Hawaii,277,1991-92,Alan Rosehill,13-14,.481,""
Hawaii,277,1990-91,Alan Rosehill,7-17,.292,""
Hawaii,277,1989-90,Alan Rosehill,18-9,.667,""
Hawaii,277,1988-89,Alan Rosehill,22-7,.759,""
Hawaii,277,1987-88,Alan Rosehill,25-5,.833,""
Hawaii,277,1986-87,Alan Rosehill,8-10,.444,""
Hawaii,277,1985-86,Alan Rosehill,15-6,.714,""
Hawaii,277,1984-85,"Dave Shoji(14-11)
               
               -
               Jim Smoot(14-11)",14-11,.560,""
Hawaii,277,1983-84,Dave Shoji,11-9,.550,""
Hawaii,277,1982-83,Dave Shoji,12-7,.632,""
Hawaii,277,1981-82,Dave Shoji,14-8,.636,""
Hawaii,277,1980-81,Dave Shoji,12-9,.571,""
Hawaii,277,1979-80,Dave Shoji,13-2,.867,""
Hawaii,277,1978-79,Dave Shoji,5-2,.714,First Season of Competition
Hilbert,8398,2014-15,Chris Krueger,0-0,.000,""
Hilbert,8398,2013-14,William Schultz,9-25,.265,""
Hilbert,8398,2012-13,William Schultz,6-21,.222,""
Hilbert,8398,2011-12,William Schultz,6-21,.222,""
Hilbert,8398,2010-11,William Schultz,1-24,.040,""
Hilbert,8398,2009-10,Andrew Walker,2-18,.100,""
Hilbert,8398,2008-09,Andrew Walker,3-17,.150,""
Hilbert,8398,2007-08,Andrew Walker,1-15,.062,""
Holy Names,30175,2014-15,Ali Oliver,0-0,.000,""
Holy Names,30175,2013-14,Dwight Combs,2-9,.182,""
Holy Names,30175,2012-13,Dwight Combs,0-8,.000,First year as varsity program
Hunter,292,2014-15,Ray Bello,0-0,.000,""
Hunter,292,2013-14,Ray Bello,17-15,.531,""
Hunter,292,2012-13,Ray Bello,14-15,.483,""
Hunter,292,2011-12,Ray Bello,26-9,.743,""
Hunter,292,2010-11,Ray Bello,19-17,.528,""
Hunter,292,2009-10,Ray Bello,26-11,.703,""
Hunter,292,2008-09,Ray Bello,24-17,.585,""
Hunter,292,2007-08,Ray Bello,32-4,.889,""
Hunter,292,2006-07,Ray Bello,24-13,.649,""
Hunter,292,2005-06,Ray Bello,17-13,.567,""
Hunter,292,2004-05,Ray Bello,0-0,.000,""
Hunter,292,2003-04,Ray Bello,0-0,.000,""
IPFW,308,2014-15,Arnie Ball,0-0,.000,""
IPFW,308,2013-14,Arnie Ball,21-7,.750,""
IPFW,308,2012-13,Arnie Ball,13-13,.500,""
IPFW,308,2011-12,Arnie Ball,13-15,.464,""
IPFW,308,2010-11,Arnie Ball,16-12,.571,""
IPFW,308,2009-10,Arnie Ball,12-17,.414,""
IPFW,308,2008-09,Arnie Ball,12-15,.444,""
IPFW,308,2007-08,Arnie Ball,12-15,.444,""
IPFW,308,2006-07,Arnie Ball,23-8,.742,National Runner-Up
IPFW,308,2005-06,Arnie Ball,23-7,.767,""
IPFW,308,2004-05,Arnie Ball,13-17,.433,""
IPFW,308,2003-04,Arnie Ball,14-11,.560,""
IPFW,308,2002-03,Arnie Ball,15-10,.600,""
IPFW,308,2001-02,Arnie Ball,8-16,.333,""
IPFW,308,2000-01,Arnie Ball,9-15,.375,""
IPFW,308,1999-00,Arnie Ball,21-8,.724,""
IPFW,308,1998-99,Arnie Ball,23-4,.852,""
IPFW,308,1997-98,Arnie Ball,17-5,.773,""
IPFW,308,1996-97,Arnie Ball,17-9,.654,""
IPFW,308,1995-96,Arnie Ball,10-15,.400,""
IPFW,308,1994-95,Arnie Ball,13-19,.406,""
IPFW,308,1993-94,Arnie Ball,20-8,.714,""
IPFW,308,1992-93,Arnie Ball,23-7,.767,""
IPFW,308,1991-92,Arnie Ball,27-9,.750,""
IPFW,308,1990-91,Arnie Ball,19-9,.679,""
IPFW,308,1989-90,Arnie Ball,16-15,.516,""
IPFW,308,1988-89,Arnie Ball,21-9,.700,""
IPFW,308,1987-88,Arnie Ball,16-16,.500,""
IPFW,308,1986-87,Arnie Ball,15-14,.517,""
IPFW,308,1985-86,Arnie Ball,15-12,.556,""
IPFW,308,1984-85,Arnie Ball,22-12,.647,""
IPFW,308,1983-84,Arnie Ball,21-13,.618,""
IPFW,308,1982-83,Arnie Ball,9-14,.391,""
IPFW,308,1981-82,Arnie Ball,13-12,.520,""
IPFW,308,1980-81,Arnie Ball,14-20,.412,""
John Jay,321,2014-15,Eder Mathelier,0-0,.000,""
John Jay,321,2013-14,Andrew McLeavey,7-15,.318,""
John Jay,321,2012-13,Andrew McLeavey,7-12,.368,""
John Jay,321,2011-12,Brittany Fout,4-17,.190,First Season of Competition
Johnson & Wales (RI),22626,2014-15,Scott Reslow,0-0,.000,""
Johnson & Wales (RI),22626,2013-14,Scott Reslow,18-11,.621,""
Johnson & Wales (RI),22626,2012-13,Scott Reslow,13-19,.406,""
Johnson & Wales (RI),22626,2011-12,Scott Reslow,17-17,.500,""
Johnson & Wales (RI),22626,2010-11,Scott Reslow,8-15,.348,""
Johnson & Wales (RI),22626,2009-10,Scott Reslow,8-20,.286,""
Johnson & Wales (RI),22626,2008-09,Scott Reslow,7-17,.292,""
Johnson & Wales (RI),22626,2007-08,Tom Olson,0-0,.000,""
Johnson & Wales (RI),22626,2006-07,Tom Olson,0-0,.000,""
Johnson & Wales (RI),22626,2005-06,Tom Olson,0-0,.000,""
Juniata,325,2014-15,Pat Shawaryn,0-0,.000,""
Juniata,325,2013-14,"Pat Shawaryn(13-2)
               
               -
               Kevin Moore (2)(16-3)",29-5,.853,"Coached the last 15 matches of the season
               
               --"
Juniata,325,2012-13,Kevin Moore (2),24-12,.667,""
Juniata,325,2011-12,Kevin Moore (2),28-11,.718,""
Juniata,325,2010-11,Kevin Moore (2),18-12,.600,""
Juniata,325,2009-10,Jeremy Price,9-13,.409,""
Juniata,325,2008-09,Jeremy Price,18-8,.692,""
Juniata,325,2007-08,Jeremy Price,10-15,.400,""
Juniata,325,2006-07,Jeremy Price,17-19,.472,""
Juniata,325,2005-06,Ken Shibuya,14-13,.519,""
Juniata,325,2004-05,Ken Shibuya,20-8,.714,""
Juniata,325,2003-04,Ken Shibuya,18-7,.720,""
Juniata,325,2002-03,Ken Shibuya,17-19,.472,""
Juniata,325,2001-02,Ryan Patton,9-14,.391,""
Juniata,325,2000-01,Ryan Patton,13-13,.500,""
Juniata,325,1999-00,Ryan Patton,11-15,.423,""
Juniata,325,1998-99,Ryan Patton,14-13,.519,""
Juniata,325,1997-98,Ryan Patton,13-16,.448,""
Juniata,325,1996-97,Ryan Patton,20-10,.667,""
Juniata,325,1995-96,Dennis Hohenshelt,18-7,.720,""
Juniata,325,1994-95,Larry Bock,11-17,.393,""
Juniata,325,1993-94,Larry Bock,14-17,.452,""
Juniata,325,1992-93,Larry Bock,21-17,.553,""
Juniata,325,1991-92,Larry Bock,16-11,.593,""
Juniata,325,1990-91,Larry Bock,16-17,.485,""
Juniata,325,1989-90,Larry Bock,22-12-4,.632,First Season of Competition
Kean,329,2014-15,Charlie Ginex,0-0,.000,""
Kean,329,2013-14,Charlie Ginex,26-8,.765,""
Kean,329,2012-13,Don Perkins,26-8,.765,""
Kean,329,2011-12,Don Perkins,25-11,.694,""
Kean,329,2010-11,Don Perkins,11-23,.324,First Season of Varsity Competition
Keuka,1159,2014-15,Ben Guiliano,0-0,.000,""
Keuka,1159,2013-14,Ben Guiliano,9-15,.375,""
Keuka,1159,2012-13,Ben Guiliano,12-17,.414,First year as varsity program
King (TN),30051,2014-15,Ryan Booher,0-0,.000,""
King (TN),30051,2013-14,Ryan Booher,9-18,.333,""
King (TN),30051,2012-13,Ryan Booher,10-18,.357,""
King (TN),30051,2011-12,Ryan Booher,10-20,.333,""
King (TN),30051,2010-11,Ryan Booher,11-9,.550,""
King (TN),30051,2009-10,Ryan Booher,11-2,.846,""
Lakeland,1164,2014-15,Chris Brandt,0-0,.000,""
Lakeland,1164,2013-14,Chris Brandt,21-8,.724,First year as varsity program
Lancaster Bible,30085,2014-15,Jade Brubaker,0-0,.000,""
Lancaster Bible,30085,2013-14,Jade Brubaker,7-19,.269,""
Lancaster Bible,30085,2012-13,Evelyn Long,16-16,.500,""
Lancaster Bible,30085,2011-12,Evelyn Long,6-17,.261,""
Lancaster Bible,30085,2010-11,Ben Bewley,2-21,.087,""
Lancaster Bible,30085,2009-10,Ben Bewley,8-14,.364,""
Lancaster Bible,30085,2008-09,Wally Kappeler,7-16,.304,""
Lancaster Bible,30085,2007-08,Reggie Chapple,8-11,.421,""
Lancaster Bible,30085,2006-07,Shawn Fleetman,6-6,.500,""
Lancaster Bible,30085,2005-06,Jack Srock,4-7,.364,""
Lancaster Bible,30085,2004-05,D.A. Nichols,6-11,.353,""
Lancaster Bible,30085,2003-04,D.A. Nichols,13-3,.812,First Season as varsity sport
Lasell,8486,2014-15,Tom Olson,0-0,.000,""
Lasell,8486,2013-14,Tom Olson,20-11,.645,""
Lasell,8486,2012-13,Tom Olson,13-15,.464,""
Lasell,8486,2011-12,Tom Olson,10-15,.400,""
Lasell,8486,2010-11,Tom Olson,22-16,.579,""
Lasell,8486,2009-10,Jonah Mytro,18-10,.643,""
Lasell,8486,2008-09,Jonah Mytro,20-10,.667,""
Lasell,8486,2007-08,Jonah Mytro,13-18,.419,""
Lasell,8486,2006-07,Jonah Mytro,13-17,.433,""
Lasell,8486,2005-06,Jonah Mytro,16-12,.571,""
Lasell,8486,2004-05,Jonah Mytro,2-17,.105,""
Lasell,8486,2003-04,Mike Starr,0-0,.000,""
Lasell,8486,2002-03,Scott Abbotts,0-0,.000,""
Lees-McRae,13302,2014-15,Dave Schmidlin,0-0,.000,""
Lees-McRae,13302,2013-14,Dave Schmidlin,12-16,.429,""
Lees-McRae,13302,2012-13,James Goodrige,7-3,.700,""
Lees-McRae,13302,2011-12,James Goodrige,11-10,.524,""
Lees-McRae,13302,2010-11,James Goodrige,16-10,.615,""
Lees-McRae,13302,2009-10,Jamie Petrik,8-11,.421,""
Lees-McRae,13302,2008-09,Jamie Petrik,19-5,.792,""
Lees-McRae,13302,2007-08,Jamie Petrik,6-15,.286,""
Lees-McRae,13302,2006-07,Jamie Petrik,5-7,.417,""
Lees-McRae,13302,2005-06,Jamie Petrik,14-3,.824,""
Lehman,279,2014-15,Elvis Rodriguez,0-0,.000,""
Lehman,279,2013-14,Elvis Rodriguez,9-18,.333,""
Lehman,279,2012-13,Elvis Rodriguez,13-16,.448,""
Lehman,279,2011-12,Wolfgang Lucena,14-13,.519,""
Lehman,279,2010-11,Wolfgang Lucena,16-11,.593,""
Lehman,279,2009-10,Wolfgang Lucena,15-12,.556,""
Lesley ,24317,2014-15,Doug Porrell,0-0,.000,""
Lesley ,24317,2013-14,Doug Porrell,0-18,.000,""
Lesley ,24317,2012-13,Lok-Tin Yao,0-19,.000,""
Lesley ,24317,2011-12,Lok-Tin Yao,2-16,.111,""
Lesley ,24317,2010-11,Jeffrey Costa,3-23,.115,""
Lesley ,24317,2009-10,Joshua Fay,6-18,.250,""
Lesley ,24317,2008-09,Elizabeth Morris,3-19,.136,""
Lesley ,24317,2007-08,Elizabeth Morris,2-17,.105,""
Lewis,354,2014-15,Dan Friend,0-0,.000,""
Lewis,354,2013-14,Dan Friend,23-8,.742,""
Lewis,354,2012-13,Dan Friend,20-10,.667,""
Lewis,354,2011-12,Dan Friend,26-7,.788,""
Lewis,354,2010-11,Dan Friend,20-11,.645,""
Lewis,354,2009-10,Dan Friend,19-10,.655,""
Lewis,354,2008-09,Dan Friend,21-8,.724,""
Lewis,354,2007-08,Dan Friend,21-10,.677,""
Lewis,354,2006-07,Dan Friend,17-14,.548,""
Lewis,354,2005-06,Dan Friend,10-18,.357,""
Lewis,354,2004-05,Dan Friend,17-14,.548,""
Lewis,354,2003-04,Dave Deuser,19-14,.576,""
Lewis,354,2002-03,Dave Deuser,27-5,.844,Record does not reflect regular-season forfeits (self-imposed).
Lewis,354,2001-02,Dave Deuser,21-10,.677,Record does not reflect regular-season forfeits (self-imposed).
Lewis,354,2000-01,Dave Deuser,24-6,.800,Record does not reflect regular-season forfeits (self-imposed).
Lewis,354,1999-00,Dave Deuser,21-11,.656,""
Lewis,354,1998-99,Dave Deuser,23-8,.742,""
Lewis,354,1997-98,Dave Deuser,25-9,.735,""
Lewis,354,1996-97,Dave Deuser,25-10,.714,""
Lewis,354,1995-96,Dave Deuser,31-5,.861,""
Lewis,354,1994-95,Dave Deuser,28-12,.700,""
Lewis,354,1993-94,Dave Deuser,20-12,.625,First Season of Competition
Limestone,1174,2014-15,Brandon Skweres,0-0,.000,""
Limestone,1174,2013-14,Brandon Skweres,16-12,.571,""
Limestone,1174,2012-13,Rick Banis,15-14,.517,""
Limestone,1174,2011-12,Rick Banis,14-11,.560,""
Limestone,1174,2010-11,Rick Banis,15-8,.652,""
Limestone,1174,2009-10,Tim Loesch,12-10,.545,First Season of Competition
Lindenwood (MO),30136,2014-15,Kristofer Dorn,0-0,.000,""
Lindenwood (MO),30136,2013-14,Kristofer Dorn,19-12,.613,""
Lindenwood (MO),30136,2012-13,Ron Young,19-12,.613,""
Lindenwood (MO),30136,2011-12,Ron Young,19-13,.594,""
Lindenwood (MO),30136,2010-11,Ron Young,24-10,.706,""
Lindenwood (MO),30136,2009-10,Ron Young,21-13,.618,""
Lindenwood (MO),30136,2008-09,Ron Young,37-3,.925,""
Lindenwood (MO),30136,2007-08,Ron Young,25-10,.714,""
Lindenwood (MO),30136,2006-07,Ron Young,25-8,.758,""
Lindenwood (MO),30136,2005-06,Ron Young,36-4,.900,""
Lindenwood (MO),30136,2004-05,Ron Young,24-11,.686,""
Lindenwood (MO),30136,2003-04,Ron Young,25-8,.758,""
Lindenwood (MO),30136,2002-03,Ron Young,27-9,.750,""
Lindenwood (MO),30136,2001-02,Ron Young,30-5,.857,""
Lindenwood (MO),30136,2000-01,Ron Young,29-7,.806,""
Lindenwood (MO),30136,1999-00,Mike Gardner,21-7,.750,""
Long Beach St.,99,2014-15,Alan Knipe,0-0,.000,""
Long Beach St.,99,2013-14,Alan Knipe,18-10,.643,""
Long Beach St.,99,2012-13,Alan Knipe,24-8,.750,""
Long Beach St.,99,2011-12,Andy Read,15-15,.500,Interim Head Coach
Long Beach St.,99,2010-11,Andy Read,15-14,.517,Interim Head Coach
Long Beach St.,99,2009-10,Andy Read,12-17,.414,Interim Head Coach
Long Beach St.,99,2008-09,Alan Knipe,14-14,.500,""
Long Beach St.,99,2007-08,Alan Knipe,23-7,.767,""
Long Beach St.,99,2006-07,Alan Knipe,11-17,.393,""
Long Beach St.,99,2005-06,Alan Knipe,23-10,.697,""
Long Beach St.,99,2004-05,Alan Knipe,22-10,.688,""
Long Beach St.,99,2003-04,Alan Knipe,28-7,.800,National Runner-Up
Long Beach St.,99,2002-03,Alan Knipe,17-13,.567,""
Long Beach St.,99,2001-02,Alan Knipe,13-18,.419,""
Long Beach St.,99,2000-01,Alan Knipe,18-7,.720,""
Long Beach St.,99,1999-00,Ray Ratelle,23-5,.821,""
Long Beach St.,99,1998-99,Ray Ratelle,22-4,.846,""
Long Beach St.,99,1997-98,Ray Ratelle,22-7,.759,""
Long Beach St.,99,1996-97,Ray Ratelle,19-10,.655,""
Long Beach St.,99,1995-96,Ray Ratelle,21-6,.778,""
Long Beach St.,99,1994-95,Ray Ratelle,18-9,.667,""
Long Beach St.,99,1993-94,Ray Ratelle,13-15,.464,""
Long Beach St.,99,1992-93,Ray Ratelle,18-13,.581,""
Long Beach St.,99,1991-92,Ray Ratelle,27-4,.871,""
Long Beach St.,99,1990-91,Ray Ratelle,31-4,.886,National Champion
Long Beach St.,99,1989-90,Ray Ratelle,28-7,.800,National Runner-Up
Long Beach St.,99,1988-89,Ray Ratelle,22-9,.710,""
Long Beach St.,99,1987-88,Ray Ratelle,20-14,.588,""
Long Beach St.,99,1986-87,Ray Ratelle,18-15,.545,""
Long Beach St.,99,1985-86,Ray Ratelle,19-15,.559,""
Long Beach St.,99,1984-85,Ray Ratelle,14-19,.424,""
Long Beach St.,99,1983-84,Ray Ratelle,15-10,.600,""
Long Beach St.,99,1982-83,Ray Ratelle,20-9,.690,""
Long Beach St.,99,1981-82,Ray Ratelle,15-15,.500,""
Long Beach St.,99,1980-81,Don Paris,15-13,.536,""
Long Beach St.,99,1979-80,Dick Montgomery,21-7,.750,""
Long Beach St.,99,1978-79,Dick Montgomery,14-9,.609,""
Long Beach St.,99,1977-78,Dick Montgomery,13-6,.684,""
Long Beach St.,99,1976-77,Dick Montgomery,4-10,.286,""
Long Beach St.,99,1975-76,Miles Pabst,5-7,.417,""
Long Beach St.,99,1974-75,Miles Pabst,2-10,.167,""
Long Beach St.,99,1973-74,Randy Sandefur,3-10,.231,""
Long Beach St.,99,1972-73,Randy Sandefur,15-3,.833,National Runner-Up
Long Beach St.,99,1971-72,Randy Sandefur,6-8,.429,""
Long Beach St.,99,1970-71,Randy Sandefur,5-4,.556,""
Long Beach St.,99,1969-70,Randy Sandefur,6-4,.600,First Season of Competition/National Runner-Up
Loras,364,2014-15,Jeremy Thornburg,0-0,.000,""
Loyola Chicago,371,2014-15,Shane Davis,0-0,.000,""
Loyola Chicago,371,2013-14,Shane Davis,29-1,.967,National Champion
Loyola Chicago,371,2012-13,Shane Davis,22-10,.688,""
Loyola Chicago,371,2011-12,Shane Davis,19-12,.613,""
Loyola Chicago,371,2010-11,Shane Davis,21-8,.724,""
Loyola Chicago,371,2009-10,Shane Davis,20-6,.769,""
Loyola Chicago,371,2008-09,Shane Davis,17-10,.630,""
Loyola Chicago,371,2007-08,Shane Davis,17-14,.548,""
Loyola Chicago,371,2006-07,Shane Davis,23-7,.767,""
Loyola Chicago,371,2005-06,Shane Davis,23-7,.767,""
Loyola Chicago,371,2004-05,Shane Davis,26-3,.897,""
Loyola Chicago,371,2003-04,Shane Davis,19-8,.704,""
Loyola Chicago,371,2002-03,Tim O'Brien,19-8,.704,""
Loyola Chicago,371,2001-02,Gordon Mayforth,24-6,.800,""
Loyola Chicago,371,2000-01,Gordon Mayforth,19-10,.655,""
Loyola Chicago,371,1999-00,Gordon Mayforth,16-12,.571,""
Loyola Chicago,371,1998-99,Gordon Mayforth,19-9,.679,""
Loyola Chicago,371,1997-98,Gordon Mayforth,24-8,.750,""
Loyola Chicago,371,1996-97,Gordon Mayforth,18-13,.581,""
Loyola Chicago,371,1995-96,Gordon Mayforth,14-14,.500,First Season of Competition
Loyola Marymount,370,1999-00,Rick McLaughlin,0-0,.000,Program Dropped
Loyola Marymount,370,1998-99,Rick McLaughlin,0-0,.000,""
Loyola Marymount,370,1997-98,Rick McLaughlin,0-0,.000,""
Loyola Marymount,370,1996-97,Rick McLaughlin,0-0,.000,""
Loyola Marymount,370,1995-96,Rick McLaughlin,0-0,.000,""
Loyola Marymount,370,1994-95,Rick McLaughlin,0-0,.000,""
Loyola Marymount,370,1993-94,Rick McLaughlin,0-0,.000,""
Loyola Marymount,370,1992-93,Rick McLaughlin,0-0,.000,""
Marymount (VA),394,2014-15,Hudson Bates,0-0,.000,""
Marymount (VA),394,2013-14,Hudson Bates,9-20,.310,First year of varsity competition
McKendree,30138,2014-15,Nickie Sanlin,0-0,.000,""
McKendree,30138,2013-14,Nickie Sanlin,8-23,.258,First season of competition
Medaille,23725,2014-15,Keith Koch,0-0,.000,""
Medaille,23725,2013-14,Keith Koch,17-9,.654,""
Medaille,23725,2012-13,Keith Koch,17-14,.548,""
Medaille,23725,2011-12,Keith Koch,25-9,.735,""
Medaille,23725,2010-11,Keith Koch,22-6,.786,""
Medaille,23725,2009-10,Keith Koch,21-10,.677,""
Medaille,23725,2008-09,Keith Koch,15-14,.517,""
Medaille,23725,2007-08,Keith Koch,16-18,.471,""
Medaille,23725,2006-07,Keith Koch,10-11,.476,""
Medaille,23725,2005-06,Keith Koch,0-0,.000,""
Medaille,23725,2004-05,Keith Koch,0-0,.000,""
Medaille,23725,2003-04,Keith Koch,0-0,.000,""
Medgar Evers,403,2014-15,Avril O'Neal,0-0,.000,""
Medgar Evers,403,2013-14,Avril O'Neal,0-24,.000,""
Medgar Evers,403,2012-13,Andre Edwin,0-22,.000,""
Medgar Evers,403,2011-12,Keegan Garcia,0-26,.000,""
Medgar Evers,403,2010-11,Keegan Garcia,4-22,.154,""
Medgar Evers,403,2009-10,Keegan Garcia,3-21,.125,""
Medgar Evers,403,2008-09,Avril O'Neal,2-28,.067,""
Medgar Evers,403,2007-08,Avril O'Neal,1-25,.038,""
Medgar Evers,403,2006-07,Avril O'Neal,10-13,.435,""
Medgar Evers,403,2005-06,Avril O'Neal,4-21,.160,""
Medgar Evers,403,2004-05,Avril O'Neal,12-14,.462,""
Medgar Evers,403,2003-04,Avril O'Neal,13-15,.464,""
Medgar Evers,403,2002-03,Avril O'Neal,16-9,.640,""
Medgar Evers,403,2001-02,Avril O'Neal,13-10,.565,""
Medgar Evers,403,2000-01,Avril O'Neal,3-15,.167,""
MIT,398,2014-15,Paul Dill,0-0,.000,""
MIT,398,2013-14,Paul Dill,24-7,.774,""
MIT,398,2012-13,Paul Dill,24-12,.667,""
MIT,398,2011-12,Paul Dill,26-9,.743,""
MIT,398,2010-11,Paul Dill,29-7,.806,""
MIT,398,2009-10,Paul Dill,31-8,.795,""
MIT,398,2008-09,Paul Dill,25-12,.676,""
MIT,398,2007-08,Paul Dill,25-11,.694,""
MIT,398,2006-07,Paul Dill,27-6,.818,""
MIT,398,2005-06,Paul Dill,23-9,.719,""
MIT,398,2004-05,Paul Dill,23-7,.767,""
MIT,398,2003-04,Paul Dill,12-14,.462,""
MIT,398,2002-03,Steve Lane,8-15,.348,""
MIT,398,2001-02,Steve Lane,2-21,.087,""
MIT,398,2000-01,Steve Lane,2-18,.100,""
MIT,398,1999-00,Steve Lane,8-15,.348,""
MIT,398,1998-99,Tom Klemas,7-12,.368,""
MIT,398,1997-98,Tom Klemas,9-16,.360,""
MIT,398,1996-97,Tom Klemas,8-15,.348,""
MIT,398,1995-96,Tom Klemas,5-10,.333,""
MIT,398,1994-95,Cindy Gregory,1-16,.059,""
MIT,398,1993-94,Cindy Gregory,7-17,.292,""
MIT,398,1992-93,Cindy Gregory,14-12,.538,""
MIT,398,1991-92,Sean Tierney,6-17,.261,""
MIT,398,1990-91,Sean Tierney,8-13,.381,""
MIT,398,1989-90,Sean Tierney,8-6,.571,""
MIT,398,1988-89,Karyn Altman,15-13,.536,""
MIT,398,1987-88,Frode Stavehaug,17-13,.567,""
MIT,398,1986-87,Karyn Altman,24-8,.750,""
MIT,398,1985-86,Karyn Altman,25-10,.714,""
Mount Ida,27901,2014-15,Craig Martin,0-0,.000,""
Mount Ida,27901,2013-14,Craig Martin,8-21,.276,""
Mount Ida,27901,2012-13,Craig Martin,6-21,.222,""
Mount Ida,27901,2011-12,Craig Martin,1-23,.042,""
Mount Ida,27901,2010-11,Doug Porrell,8-19,.296,""
Mount Ida,27901,2009-10,Doug Porrell,10-13,.435,""
Mount Ida,27901,2008-09,Doug Porrell,9-17,.346,""
Mount Ida,27901,2007-08,Doug Porrell,4-23,.148,""
Mount Ida,27901,2006-07,Doug Porrell,7-21,.250,""
Mount Ida,27901,2005-06,Doug Porrell,0-0,.000,""
Mount Olive,1245,2014-15,David Heller,0-0,.000,""
Mount Olive,1245,2013-14,David Heller,15-12,.556,""
Mount Olive,1245,2012-13,David Heller,22-6,.786,""
Mount Olive,1245,2011-12,Cole Tallman,17-14,.548,""
Mount Olive,1245,2010-11,Cole Tallman,20-7,.741,""
Mount Olive,1245,2009-10,Cole Tallman,17-4,.810,""
Mount Olive,1245,2008-09,Cole Tallman,11-10,.524,""
MSOE,20220,2014-15,Wayne Schultz,0-0,.000,""
MSOE,20220,2013-14,Wayne Schultz,4-19,.174,""
MSOE,20220,2012-13,Brian Gibboney,8-19,.296,""
MSOE,20220,2011-12,Brian Gibboney,18-14,.562,""
MSOE,20220,2010-11,Brian Gibboney,12-17,.414,""
MSOE,20220,2009-10,Brian Gibboney,17-14,.548,""
MSOE,20220,2008-09,Brian Gibboney,10-19,.345,""
Mt. St. Joseph,8567,2014-15,Ryan Lengerich,0-0,.000,""
Mt. St. Joseph,8567,2013-14,Ryan Lengerich,16-11,.593,""
Mt. St. Joseph,8567,2011-12,Jon Bennett,4-21,.160,Program discontinued for 2013
Mt. St. Joseph,8567,2010-11,Jon Bennett,1-17,.056,""
Mt. St. Joseph,8567,2009-10,Jon Bennett,0-24,.000,""
Mt. St. Vincent,451,2014-15,Nelson Kwok,0-0,.000,""
Mt. St. Vincent,451,2013-14,Nelson Kwok,15-11,.577,""
Mt. St. Vincent,451,2012-13,Patrick Dietz,7-21,.250,""
Mt. St. Vincent,451,2011-12,Michael Quinn,11-16,.407,""
Mt. St. Vincent,451,2010-11,Jason Torres,17-6,.739,""
Mt. St. Vincent,451,2009-10,Jason Torres,14-16,.467,""
Mt. St. Vincent,451,2008-09,Paul Callahan,15-14,.517,""
Nazareth,461,2014-15,Cal Wickens,0-0,.000,""
Nazareth,461,2013-14,Cal Wickens,15-10,.600,""
Nazareth,461,2012-13,Cal Wickens,36-2,.947,""
Nazareth,461,2011-12,Cal Wickens,27-9,.750,""
Nazareth,461,2010-11,Cal Wickens,31-3,.912,""
Nazareth,461,2009-10,Cal Wickens,19-16,.543,""
Nazareth,461,2008-09,Cal Wickens,28-5,.848,""
Nazareth,461,2007-08,Cal Wickens,28-7,.800,""
Nazareth,461,2006-07,Cal Wickens,23-7,.767,""
Nazareth,461,2005-06,Cal Wickens,20-9,.690,""
Nazareth,461,2004-05,Cal Wickens,10-13,.435,First Season of Competition
New Haven,470,2010-11,Eddie Stawinksi,5-14,.263,Program discontinued
New Haven,470,2009-10,Danny Goncalves,5-15,.250,""
New Haven,470,2008-09,Danny Goncalves,4-15,.211,""
New Jersey City,319,2014-15,Robert Cole,0-0,.000,""
New Jersey City,319,2013-14,Robert Cole,12-18,.400,""
New Jersey City,319,2012-13,Ray Vance,19-17,.528,""
New Jersey City,319,2011-12,Kevin Rodgers,14-17,.452,""
New Jersey City,319,2010-11,Carlo Edra,13-18,.419,""
New Jersey City,319,2009-10,Carlo Edra,18-11,.621,""
New Jersey City,319,2008-09,Carlo Edra,20-16,.556,""
New Jersey City,319,2007-08,Carlo Edra,14-17,.452,""
New Jersey City,319,2006-07,Christopher Feliciano,17-13,.567,""
New Jersey City,319,2005-06,Christopher Feliciano,20-9,.690,""
New Jersey City,319,2004-05,Christopher Feliciano,22-14,.611,""
New Jersey City,319,2003-04,Christopher Feliciano,13-18,.419,""
New Jersey City,319,2002-03,Ofelia Pancarician,14-14,.500,""
New Jersey City,319,2001-02,Ofelia Pancarician,10-18,.357,""
New Jersey City,319,2000-01,Georgi Vishegonov,17-14,.548,""
New Jersey City,319,1999-00,Frank Cella,18-14,.562,""
New Jersey City,319,1998-99,"Henry Martinez(2-2)
               
               -
               Frank Cella(16-14)",18-16,.529,""
New Jersey City,319,1997-98,Frank Cella,20-14,.588,""
New Jersey City,319,1996-97,Frank Cella,28-10,.737,""
New Jersey City,319,1995-96,Frank Cella,26-13,.667,""
New Jersey City,319,1994-95,Rudy Lama,12-16,.429,""
New Jersey City,319,1993-94,Rudy Lama,14-12,.538,""
New Jersey City,319,1992-93,Gene Chyzowych,10-10,.500,""
New Jersey City,319,1991-92,Gene Chyzowych,18-8,.692,""
New Jersey City,319,1990-91,Vicky Wilcox,6-7,.462,""
New Jersey City,319,1989-90,Vicky Wilcox,3-7,.300,First Season of Competition
Newbury,21772,2014-15,Mark Thomas,0-0,.000,""
Newbury,21772,2013-14,Clint Whelan,7-17,.292,""
Newbury,21772,2012-13,Clint Whelan,8-13,.381,""
Newbury,21772,2011-12,Stephen Keller,8-17,.320,""
Newbury,21772,2010-11,Chris Taylor,25-13,.658,""
Newbury,21772,2009-10,Jamie Terenzi,23-14,.622,""
Newbury,21772,2008-09,Jamie Terenzi,24-13,.649,""
Newbury,21772,2007-08,David Hildebrandt,33-10,.767,""
Newbury,21772,2006-07,David Hildebrandt,30-12,.714,""
Newbury,21772,2005-06,David Hildebrandt,20-12,.625,""
Newbury,21772,2004-05,David Hildebrandt,30-8,.789,""
Newbury,21772,2003-04,David Hildebrandt,13-12,.520,""
Newbury,21772,2002-03,David Hildebrandt,4-15,.211,""
Newbury,21772,2001-02,David Hildebrandt,0-14,.000,""
Newman,30054,2003-04,Dan Friend,29-11,.725,""
Newman,30054,2002-03,Dan Friend,20-12,.625,""
Newman,30054,2001-02,Dan Friend,17-17,.500,""
NJIT,471,2014-15,Danny Goncalves,0-0,.000,""
NJIT,471,2013-14,Ryan McNeil,10-17,.370,""
NJIT,471,2012-13,Ryan McNeil,7-21,.250,""
NJIT,471,2011-12,Ryan McNeil,12-17,.414,""
NJIT,471,2010-11,Ryan McNeil,7-21,.250,""
NJIT,471,2009-10,Ryan McNeil,3-18,.143,""
NJIT,471,2008-09,Ryan McNeil,3-23,.115,""
NJIT,471,2007-08,Ryan McNeil,13-14,.481,""
NJIT,471,2006-07,Ryan McNeil,19-10,.655,""
NJIT,471,2005-06,Ryan McNeil,13-13,.500,""
NJIT,471,2004-05,Ryan McNeil,11-11,.500,""
NJIT,471,2003-04,Michael Borga,3-17,.150,""
NJIT,471,2002-03,Michael Borga,5-19,.208,""
NJIT,471,2001-02,Alex Lykouriotis,1-22,.043,""
NJIT,471,2000-01,Manny Del Rio,5-19,.208,""
NJIT,471,1999-00,Manny Del Rio,16-12,.571,""
NJIT,471,1998-99,Manny Del Rio,24-5,.828,""
NJIT,471,1997-98,Dave DeNure,17-8,.680,""
NJIT,471,1996-97,Dave DeNure,17-10,.630,""
NJIT,471,1995-96,Dave DeNure,18-11,.621,""
NJIT,471,1994-95,Dave DeNure,20-13,.606,""
NJIT,471,1993-94,Dave DeNure,19-10,.655,""
NJIT,471,1992-93,Dave DeNure,20-10,.667,""
NJIT,471,1991-92,Dave DeNure,19-16,.543,""
NJIT,471,1990-91,Dave DeNure,24-14,.632,""
NJIT,471,1989-90,Dave DeNure,20-16,.556,""
NJIT,471,1988-89,Dave DeNure,11-18,.379,""
NJIT,471,1987-88,Oleg Moiseenko,27-10,.730,""
NJIT,471,1986-87,Oleg Moiseenko,23-11,.676,""
NJIT,471,1985-86,Oleg Moiseenko,12-7,.632,""
NJIT,471,1984-85,Oleg Moiseenko,12-5,.706,""
North Greenville,9223,2014-15,Fred Battenfield,0-0,.000,First season of competition
NYU,479,2014-15,Jose Pina,0-0,.000,""
NYU,479,2013-14,Jose Pina,18-11,.621,""
NYU,479,2012-13,Jose Pina,13-13,.500,""
NYU,479,2011-12,Jose Pina,20-9,.690,""
NYU,479,2010-11,Jose Pina,19-9,.679,""
NYU,479,2009-10,Jose Pina,6-17,.261,""
NYU,479,2008-09,Jose Pina,10-20,.333,""
NYU,479,2007-08,Jose Pina,23-8,.742,""
NYU,479,2006-07,Jose Pina,13-16,.448,""
NYU,479,2005-06,Jose Pina,11-14,.440,""
NYU,479,2004-05,Jose Pina,8-15,.348,""
NYU,479,2003-04,Jose Pina,20-8,.714,""
NYU,479,2002-03,Jose Pina,6-21,.222,""
NYU,479,2001-02,Jose Pina,24-7,.774,""
NYU,479,2000-01,Jose Pina,15-13,.536,""
NYU,479,1999-00,Jose Pina,17-14,.548,""
NYU,479,1998-99,Jose Pina,20-8,.714,""
NYU,479,1997-98,Jose Pina,11-15,.423,""
NYU,479,1996-97,Jose Pina,7-17,.292,""
NYU,479,1995-96,Jose Pina,5-18,.217,""
NYU,479,1994-95,Jose Pina,10-12,.455,""
NYU,479,1993-94,Jose Pina,9-11,.450,""
Ohio St.,518,2014-15,Pete Hanson,0-0,.000,""
Ohio St.,518,2013-14,Pete Hanson,11-16,.407,""
Ohio St.,518,2012-13,Pete Hanson,19-8,.704,""
Ohio St.,518,2011-12,Pete Hanson,21-9,.700,""
Ohio St.,518,2010-11,Pete Hanson,26-6,.812,NCAA Champions
Ohio St.,518,2009-10,Pete Hanson,22-8,.733,""
Ohio St.,518,2008-09,Pete Hanson,16-11,.593,""
Ohio St.,518,2007-08,Pete Hanson,20-8,.714,""
Ohio St.,518,2006-07,Pete Hanson,23-4,.852,""
Ohio St.,518,2005-06,Pete Hanson,20-12,.625,""
Ohio St.,518,2004-05,Pete Hanson,24-8,.750,""
Ohio St.,518,2003-04,Pete Hanson,21-9,.700,""
Ohio St.,518,2002-03,Pete Hanson,18-10,.643,""
Ohio St.,518,2001-02,Pete Hanson,21-9,.700,""
Ohio St.,518,2000-01,Pete Hanson,22-6,.786,""
Ohio St.,518,1999-00,Pete Hanson,25-4,.862,""
Ohio St.,518,1998-99,Pete Hanson,21-6,.778,""
Ohio St.,518,1997-98,Pete Hanson,25-2,.926,""
Ohio St.,518,1996-97,Pete Hanson,19-9,.679,""
Ohio St.,518,1995-96,Pete Hanson,23-7,.767,""
Ohio St.,518,1994-95,Pete Hanson,18-12,.600,""
Ohio St.,518,1993-94,Pete Hanson,20-13,.606,""
Ohio St.,518,1992-93,Pete Hanson,28-10,.737,""
Ohio St.,518,1991-92,Pete Hanson,12-18,.400,""
Ohio St.,518,1990-91,Pete Hanson,16-12,.571,""
Ohio St.,518,1989-90,Pete Hanson,8-24,.250,""
Ohio St.,518,1988-89,Pete Hanson,11-19,.367,""
Ohio St.,518,1987-88,Pete Hanson,23-12,.657,""
Ohio St.,518,1986-87,Pete Hanson,18-21,.462,""
Ohio St.,518,1985-86,Pete Hanson,25-15,.625,""
Ohio St.,518,1984-85,Pete Hanson,16-13,.552,""
Ohio St.,518,1983-84,Jim Smoot,25-8,.758,""
Ohio St.,518,1982-83,Jim Smoot,28-11,.718,""
Ohio St.,518,1981-82,Jim Smoot,30-8,.789,""
Ohio St.,518,1980-81,Bob Yoder,29-5,.853,""
Ohio St.,518,1979-80,Bob Yoder,30-5,.857,""
Ohio St.,518,1978-79,Doug Tegtmeier,26-11,.703,""
Ohio St.,518,1977-78,Suguru Furuichi,32-3,.914,""
Ohio St.,518,1976-77,Suguru Furuichi,28-4,.875,National Runner-Up
Ohio St.,518,1975-76,Taras Liskevych,24-4,.857,""
Ohio St.,518,1974-75,Taras Liskevych,21-3,.875,""
Ohio St.,518,1973-74,Doug Beal,16-7,.696,""
Ohio St.,518,1972-73,Doug Beal,16-5,.762,""
Ohio St.,518,1971-72,Doug Beal,20-3,.870,""
Ohio St.,518,1970-71,Karl Dunlap,17-7,.708,""
Ohio St.,518,1969-70,Karl Dunlap,16-2,.889,""
Ohio St.,518,1968-69,Karl Dunlap,24-0,1.000,""
Ohio St.,518,1967-68,Karl Dunlap,17-6,.739,First Season of Competition
Pacific,534,2014-15,Joe Wortmann,0-0,.000,""
Pacific,534,2013-14,Joe Wortmann,3-24,.111,""
Pacific,534,2012-13,Joe Wortmann,9-19,.321,""
Pacific,534,2011-12,Joe Wortmann,8-20,.286,""
Pacific,534,2010-11,Joe Wortmann,11-19,.367,""
Pacific,534,2009-10,Joe Wortmann,9-21,.300,""
Pacific,534,2008-09,Joe Wortmann,3-28,.097,""
Pacific,534,2007-08,Joe Wortmann,4-24,.143,""
Pacific,534,2006-07,Joe Wortmann,14-17,.452,""
Pacific,534,2005-06,Joe Wortmann,8-20,.286,""
Pacific,534,2004-05,Joe Wortmann,12-18,.400,""
Pacific,534,2003-04,Joe Wortmann,10-19,.345,""
Pacific,534,2002-03,Joe Wortmann,18-14,.562,""
Pacific,534,2001-02,Joe Wortmann,10-18,.357,""
Pacific,534,2000-01,Joe Wortmann,10-13,.435,""
Pacific,534,1999-00,Joe Wortmann,10-17,.370,""
Pacific,534,1998-99,Joe Wortmann,14-11,.560,""
Pacific,534,1997-98,Joe Wortmann,9-18,.333,""
Pacific,534,1996-97,Joe Wortmann,16-11,.593,""
Pacific,534,1995-96,Joe Wortmann,17-10,.630,""
Pacific,534,1994-95,Joe Wortmann,7-16,.304,""
Pacific,534,1993-94,Joe Wortmann,8-18,.308,""
Pacific,534,1992-93,Joe Wortmann,2-18,.100,First Season of Varsity Competition
Penn St.,539,2014-15,Mark Pavlik,0-0,.000,""
Penn St.,539,2013-14,Mark Pavlik,25-7,.781,""
Penn St.,539,2012-13,Mark Pavlik,23-8,.742,""
Penn St.,539,2011-12,Mark Pavlik,23-6,.793,""
Penn St.,539,2010-11,Mark Pavlik,24-7,.774,""
Penn St.,539,2009-10,Mark Pavlik,24-8,.750,National Runner-Up
Penn St.,539,2008-09,Mark Pavlik,27-4,.871,""
Penn St.,539,2007-08,Mark Pavlik,30-1,.968,National Champion
Penn St.,539,2006-07,Mark Pavlik,22-8,.733,""
Penn St.,539,2005-06,Mark Pavlik,21-9,.700,National Runner-Up
Penn St.,539,2004-05,Mark Pavlik,30-4,.882,""
Penn St.,539,2003-04,Mark Pavlik,23-7,.767,""
Penn St.,539,2002-03,Mark Pavlik,26-6,.812,""
Penn St.,539,2001-02,Mark Pavlik,25-4,.862,""
Penn St.,539,2000-01,Mark Pavlik,24-8,.750,""
Penn St.,539,1999-00,Mark Pavlik,20-13,.606,""
Penn St.,539,1998-99,Mark Pavlik,22-13,.629,""
Penn St.,539,1997-98,Mark Pavlik,17-15,.531,""
Penn St.,539,1996-97,Mark Pavlik,26-4,.867,""
Penn St.,539,1995-96,Mark Pavlik,24-6,.800,""
Penn St.,539,1994-95,Mark Pavlik,26-3,.897,National Runner-Up
Penn St.,539,1993-94,Tom Peterson,25-3,.893,National Champion
Penn St.,539,1992-93,Tom Peterson,21-5,.808,""
Penn St.,539,1991-92,Tom Peterson,17-13,.567,""
Penn St.,539,1990-91,Tom Peterson,28-6,.824,""
Penn St.,539,1989-90,Tom Peterson,20-12,.625,""
Penn St.,539,1988-89,Tom Peterson,17-11,.607,""
Penn St.,539,1987-88,Tom Tait,25-5,.833,""
Penn St.,539,1986-87,Tom Tait,26-4,.867,""
Penn St.,539,1985-86,Tom Tait,28-7,.800,""
Penn St.,539,1984-85,Tom Tait,15-15,.500,""
Penn St.,539,1983-84,Tom Tait,0-0,.000,Results Unknown
Penn St.,539,1982-83,Tom Tait,0-0,.000,Results Unknown
Penn St.,539,1981-82,Tom Tait,31-5,.861,National Runner-Up
Penn St.,539,1980-81,Tom Tait,32-4,.889,""
Penn St.,539,1979-80,Tom Tait,0-0,.000,Results Unknown
Penn St.,539,1978-79,Tom Tait,34-6-3,.826,""
Penn St.,539,1977-78,Tom Tait,30-10,.750,""
Penn St.-Altoona,25719,2014-15,Phil Peterman,0-0,.000,""
Penn St.-Altoona,25719,2013-14,Phil Peterman,9-14,.391,""
Penn St.-Altoona,25719,2012-13,Phil Peterman,7-23,.233,First year as varsity program
Penn St.-Behrend,538,2014-15,Phil Pisano,0-0,.000,""
Penn St.-Behrend,538,2013-14,Phil Pisano,15-10,.600,""
Penn St.-Behrend,538,2012-13,Phil Pisano,15-15,.500,""
Penn St.-Behrend,538,2011-12,Phil Pisano,10-18,.357,""
Pepperdine,541,2014-15,Marv Dunphy,0-0,.000,""
Pepperdine,541,2013-14,Marv Dunphy,19-7,.731,""
Pepperdine,541,2012-13,Marv Dunphy,14-12,.538,""
Pepperdine,541,2011-12,Marv Dunphy,14-15,.483,""
Pepperdine,541,2010-11,Marv Dunphy,11-15,.423,""
Pepperdine,541,2009-10,Marv Dunphy,16-10,.615,""
Pepperdine,541,2008-09,Marv Dunphy,22-5,.815,""
Pepperdine,541,2007-08,Marv Dunphy,17-11,.607,National Runner-Up
Pepperdine,541,2006-07,Marv Dunphy,26-3,.897,""
Pepperdine,541,2005-06,Marv Dunphy,17-8,.680,""
Pepperdine,541,2004-05,Marv Dunphy,25-2,.926,National Champions
Pepperdine,541,2003-04,Marv Dunphy,19-9,.679,""
Pepperdine,541,2002-03,Marv Dunphy,24-6,.800,""
Pepperdine,541,2001-02,Marv Dunphy,29-5,.853,National Runner-Up
Pepperdine,541,2000-01,Marv Dunphy,14-9,.609,""
Pepperdine,541,1999-00,Jeff Stork,22-6,.786,""
Pepperdine,541,1998-99,Marv Dunphy,20-5,.800,""
Pepperdine,541,1997-98,Marv Dunphy,23-5,.821,National Runner-Up
Pepperdine,541,1996-97,Marv Dunphy,18-9,.667,""
Pepperdine,541,1995-96,Marv Dunphy,15-11,.577,""
Pepperdine,541,1994-95,Marv Dunphy,10-12,.455,""
Pepperdine,541,1993-94,Marv Dunphy,14-9,.609,""
Pepperdine,541,1992-93,Marv Dunphy,18-6,.750,""
Pepperdine,541,1991-92,Marv Dunphy,24-4,.857,National Champions
Pepperdine,541,1990-91,Marv Dunphy,13-9,.591,""
Pepperdine,541,1989-90,Marv Dunphy,10-15,.400,""
Pepperdine,541,1988-89,Marv Dunphy,16-14,.533,""
Pepperdine,541,1987-88,Rod Wilde,14-13,.519,""
Pepperdine,541,1986-87,Rod Wilde,22-7,.759,""
Pepperdine,541,1985-86,Rod Wilde,22-7,.759,National Champions
Pepperdine,541,1984-85,Marv Dunphy,25-2,.926,National Champions
Pepperdine,541,1983-84,Marv Dunphy,23-7,.767,""
Pepperdine,541,1982-83,Marv Dunphy,21-6,.778,""
Pepperdine,541,1981-82,Marv Dunphy,12-8,.600,""
Pepperdine,541,1980-81,Kirk Kilgour,10-13,.435,""
Pepperdine,541,1979-80,Kirk Kilgour,15-12,.556,""
Pepperdine,541,1978-79,Kirk Kilgour,13-6,.684,""
Pepperdine,541,1977-78,Marv Dunphy,21-4,.840,National Champions
Pepperdine,541,1976-77,Marv Dunphy,15-5,.750,""
Pepperdine,541,1975-76,Harlan Cohen,13-4,.765,""
Pepperdine,541,1974-75,Harlan Cohen,10-5,.667,""
Pepperdine,541,1973-74,Burt DeGroot,8-8,.500,""
Pepperdine,541,1972-73,Burt DeGroot,5-6,.455,""
Pepperdine,541,1971-72,Moo Park,5-3,.625,""
Pepperdine,541,1970-71,Moo Park,4-7,.364,First Season of Competition
Pfeiffer,542,2014-15,Paul Lawson,0-0,.000,""
Pfeiffer,542,2013-14,Paul Lawson,13-12,.520,""
Pfeiffer,542,2012-13,Greg Walker,17-8,.680,""
Pfeiffer,542,2011-12,Steve Bintz,21-6,.778,""
Pfeiffer,542,2010-11,Ben Guiliano,8-14,.364,""
Pfeiffer,542,2009-10,Ben Guiliano,7-15,.318,First Season of Competition
Point Loma,30149,2013-14,Jonathan Scott,0-0,.000,""
Polytechnic (NY),481,2014-15,Kevin Edwards,0-0,.000,""
Polytechnic (NY),481,2013-14,Kevin Edwards,5-23,.179,""
Polytechnic (NY),481,2012-13,Kevin Edwards,8-23,.258,""
Polytechnic (NY),481,2011-12,Jacquelyn Goldstein,14-14,.500,""
Polytechnic (NY),481,2010-11,Jacquelyn Goldstein,10-18,.357,""
Polytechnic (NY),481,2009-10,Jacquelyn Goldstein,6-19,.240,""
Polytechnic (NY),481,2008-09,Zach Emnett,2-23,.080,""
Princeton,554,2014-15,Sam Shweisky,0-0,.000,""
Princeton,554,2013-14,Sam Shweisky,16-10,.615,""
Princeton,554,2012-13,Sam Shweisky,13-10,.565,""
Princeton,554,2011-12,Sam Shweisky,13-10,.565,""
Princeton,554,2010-11,Sam Shweisky,3-19,.136,""
Princeton,554,2009-10,Sam Shweisky,15-10,.600,""
Princeton,554,2008-09,Glenn Nelson,11-12,.478,""
Princeton,554,2007-08,Glenn Nelson,11-10,.524,""
Princeton,554,2006-07,Glenn Nelson,12-10,.545,""
Princeton,554,2005-06,Glenn Nelson,8-12,.400,""
Princeton,554,2004-05,Glenn Nelson,7-13,.350,""
Princeton,554,2003-04,Glenn Nelson,13-10,.565,""
Princeton,554,2002-03,Glenn Nelson,16-11,.593,""
Princeton,554,2001-02,Glenn Nelson,12-13,.480,""
Princeton,554,2000-01,Glenn Nelson,6-13,.316,""
Princeton,554,1999-00,Glenn Nelson,9-12,.429,""
Princeton,554,1998-99,Glenn Nelson,11-13,.458,""
Princeton,554,1997-98,Glenn Nelson,16-9,.640,""
Princeton,554,1996-97,Glenn Nelson,24-2,.923,First Season of Varsity Competition
Purchase,30029,2014-15,Tom Callahan,0-0,.000,""
Purchase,30029,2013-14,Tom Callahan,7-13,.350,""
Purchase,30029,2012-13,Tom Callahan,1-19,.050,""
Purchase,30029,2011-12,Bill Kutner,2-19,.095,""
Purchase,30029,2010-11,Bill Kutner,2-14,.125,Interim Head Coach
Purchase,30029,2009-10,Nelson Kwok,7-12,.368,""
Purchase,30029,2008-09,Nelson Kwok,12-11,.522,""
Quincy,561,2014-15,Hadley Foster,0-0,.000,""
Quincy,561,2013-14,Hadley Foster,13-19,.406,""
Quincy,561,2012-13,Hadley Foster,10-21,.323,""
Quincy,561,2011-12,Hadley Foster,18-15,.545,""
Quincy,561,2010-11,Hadley Foster,22-14,.611,""
Quincy,561,2009-10,Hadley Foster,15-18,.455,""
Quincy,561,2008-09,Hadley Foster,17-33,.340,""
Ramapo,564,2014-15,Kevin Rodgers,0-0,.000,""
Ramapo,564,2013-14,Kevin Rodgers,25-11,.694,""
Ramapo,564,2012-13,Kevin Rodgers,20-12,.625,""
Ramapo,564,2011-12,Don Vanderbeck,21-13,.618,""
Ramapo,564,2010-11,Don Vanderbeck,18-13,.581,""
Ramapo,564,2009-10,Don Vanderbeck,20-10,.667,""
Ramapo,564,2008-09,Don Vanderbeck,25-9,.735,""
Ramapo,564,2007-08,Don Vanderbeck,29-6,.829,""
Ramapo,564,2006-07,Don Vanderbeck,26-14,.650,""
Ramapo,564,2005-06,Don Vanderbeck,25-9,.735,""
Ramapo,564,2004-05,Don Vanderbeck,26-13,.667,""
Ramapo,564,2003-04,Don Vanderbeck,20-14,.588,""
Ramapo,564,2002-03,Don Vanderbeck,25-8,.758,""
Ramapo,564,2001-02,Don Vanderbeck,21-14,.600,""
Ramapo,564,2000-01,Don Vanderbeck,25-6,.806,""
Ramapo,564,1999-00,Don Vanderbeck,14-20,.412,""
Ramapo,564,1998-99,Don Vanderbeck,15-20,.429,""
Ramapo,564,1997-98,Don Vanderbeck,21-19,.525,""
Ramapo,564,1996-97,Don Vanderbeck,13-20,.394,""
Ramapo,564,1995-96,Don Vanderbeck,34-9,.791,""
Ramapo,564,1994-95,Don Vanderbeck,21-14,.600,""
Ramapo,564,1993-94,Don Vanderbeck,6-15,.286,First Season of Competition
Regis (MA),569,2014-15,Scott Wright,0-0,.000,""
Regis (MA),569,2013-14,Scott Wright,12-11,.522,""
Regis (MA),569,2012-13,Scott Wright,2-19,.095,""
Regis (MA),569,2011-12,Scott Wright,1-18,.053,Interim Head Coach
Regis (MA),569,2010-11,Jason Conetta,0-18,.000,""
Regis (MA),569,2009-10,Jason Conetta,4-23,.148,""
Rivier,18422,2014-15,Craig Kolek,0-0,.000,""
Rivier,18422,2013-14,Craig Kolek,29-7,.806,""
Rivier,18422,2012-13,Craig Kolek,27-12,.692,""
Rivier,18422,2011-12,Craig Kolek,26-9,.743,""
Rivier,18422,2010-11,Craig Kolek,33-9,.786,""
Rivier,18422,2009-10,Craig Kolek,31-9,.775,""
Rivier,18422,2008-09,Craig Kolek,33-2,.943,""
Rivier,18422,2007-08,Craig Kolek,22-13,.629,""
Rivier,18422,2006-07,Craig Kolek,17-13,.567,""
Rivier,18422,2005-06,Craig Kolek,31-5,.861,""
Rivier,18422,2004-05,Craig Kolek,36-6,.857,""
Rivier,18422,2003-04,Craig Kolek,32-7,.821,""
Rivier,18422,2002-03,Craig Kolek,23-15,.605,""
Rivier,18422,2001-02,Craig Kolek,20-9,.690,""
Rivier,18422,2000-01,Craig Kolek,13-11,.542,""
Rivier,18422,1999-00,Craig Kolek,10-14,.417,""
Rivier,18422,1998-99,Craig Kolek,7-16,.304,""
Rivier,18422,1997-98,Craig Kolek,1-17,.056,""
Rivier,18422,1996-97,Craig Kolek,1-18,.053,""
Rust,586,2014-15,Brandon Reeves,0-0,.000,""
Rust,586,2013-14,Brandon Reeves,0-3,.000,""
Rust,586,2012-13,Brandon Reeves,5-11,.312,""
Rutgers-Newark,589,2014-15,Pedro Trevino,0-0,.000,""
Rutgers-Newark,589,2013-14,Pedro Trevino,9-17,.346,""
Rutgers-Newark,589,2012-13,Pedro Trevino,4-21,.160,""
Rutgers-Newark,589,2011-12,Pedro Trevino,10-15,.400,""
Rutgers-Newark,589,2010-11,Karl France,17-12,.586,""
Rutgers-Newark,589,2009-10,Karl France,13-13,.500,""
Rutgers-Newark,589,2008-09,Karl France,9-14,.391,""
Rutgers-Newark,589,2007-08,Karl France,0-0,.000,""
Sacred Heart,590,2014-15,Kalani Efstathiou,0-0,.000,""
Sacred Heart,590,2013-14,Kalani Efstathiou,10-18,.357,""
Sacred Heart,590,2012-13,Kalani Efstathiou,4-19,.174,""
Sacred Heart,590,2011-12,Rob Machan,6-22,.214,""
Sacred Heart,590,2010-11,Rob Machan,13-9,.591,""
Sacred Heart,590,2009-10,Rob Machan,18-11,.621,""
Sacred Heart,590,2008-09,Rob Machan,11-11,.500,""
Sacred Heart,590,2007-08,C.J. Emanuelson,6-14,.300,""
Sacred Heart,590,2006-07,C.J. Emanuelson,10-11,.476,""
Sage Colleges,11036,2014-15,James Pompeo,0-0,.000,""
Sage Colleges,11036,2013-14,James Pompeo,8-18,.308,""
Sage Colleges,11036,2012-13,Jason Wood,30-7,.811,""
Sage Colleges,11036,2011-12,Jason Wood,17-10,.630,Interim Head Coach
Sage Colleges,11036,2010-11,Andrew Smith,14-12,.538,""
Sage Colleges,11036,2009-10,Andrew Smith,5-20,.200,First Season of Competition
Saint Francis (PA),600,2014-15,Michael Rumbaugh,0-0,.000,""
Saint Francis (PA),600,2013-14,Michael Rumbaugh,11-15,.423,""
Saint Francis (PA),600,2012-13,Michael Rumbaugh,12-15,.444,""
Saint Francis (PA),600,2011-12,Michael Rumbaugh,12-15,.444,""
Saint Francis (PA),600,2010-11,Michael Rumbaugh,10-19,.345,""
Saint Francis (PA),600,2009-10,Michael Rumbaugh,12-15,.444,""
Saint Francis (PA),600,2008-09,Michael Rumbaugh,15-15,.500,""
Saint Francis (PA),600,2007-08,Michael Rumbaugh,12-15,.444,""
Saint Francis (PA),600,2006-07,Michael Rumbaugh,16-12,.571,""
Saint Francis (PA),600,2005-06,Michael Rumbaugh,17-10,.630,""
Saint Francis (PA),600,2004-05,Michael Rumbaugh,13-12,.520,""
Saint Francis (PA),600,2003-04,Michael Rumbaugh,10-16,.385,""
Saint Francis (PA),600,2002-03,Michael Rumbaugh,7-18,.280,""
Saint Francis (PA),600,2001-02,Michael Rumbaugh,13-12,.520,""
Saint Francis (PA),600,2000-01,Michael Rumbaugh,17-9,.654,""
Saint Francis (PA),600,1999-00,Michael Rumbaugh,5-17,.227,""
Saint Francis (PA),600,1998-99,Michael Rumbaugh,7-19,.269,""
San Diego St.,626,1972-73,Jack Henn,21-5,.808,National Champions
Sarah Lawrence,30163,2014-15,Jillian Kalvik,0-0,.000,""
Southern California,657,2014-15,Bill Ferguson,0-0,.000,""
Southern California,657,2013-14,Bill Ferguson,16-11,.593,""
Southern California,657,2012-13,Bill Ferguson,6-18,.250,""
Southern California,657,2011-12,Bill Ferguson,24-6,.800,National Runner-Up
Southern California,657,2010-11,Bill Ferguson,23-4,.852,""
Southern California,657,2009-10,Bill Ferguson,16-11,.593,""
Southern California,657,2008-09,Bill Ferguson,21-11,.656,National Runner-Up
Southern California,657,2007-08,Bill Ferguson,13-16,.448,""
Southern California,657,2006-07,Bill Ferguson,12-16,.429,""
Southern California,657,2005-06,Turhan Douglas,11-18,.379,""
Southern California,657,2004-05,Turhan Douglas,7-23,.233,""
Southern California,657,2003-04,Turhan Douglas,6-23,.207,""
Southern California,657,2002-03,Turhan Douglas,6-25,.194,""
Southern California,657,2001-02,Pat Powers,6-22,.214,""
Southern California,657,2000-01,Pat Powers,15-11,.577,""
Southern California,657,1999-00,Pat Powers,26-6,.812,""
Southern California,657,1998-99,Pat Powers,24-12,.667,""
Southern California,657,1997-98,Pat Powers,17-17,.500,""
Southern California,657,1996-97,Pat Powers,18-14,.562,""
Southern California,657,1995-96,Jim McLaughlin,14-16,.467,""
Southern California,657,1994-95,Jim McLaughlin,16-17,.485,""
Southern California,657,1993-94,Jim McLaughlin,23-8,.742,""
Southern California,657,1992-93,Jim McLaughlin,18-12,.600,""
Southern California,657,1991-92,Jim McLaughlin,11-13,.458,""
Southern California,657,1990-91,Jim McLaughlin,34-2,.944,National Runner-Up
Southern California,657,1989-90,Jim McLaughlin,26-7,.788,National Champions
Southern California,657,1988-89,Bob Yoder,28-11,.718,""
Southern California,657,1987-88,Bob Yoder,34-4,.895,National Champions
Southern California,657,1986-87,Bob Yoder,29-11,.725,National Runner-Up
Southern California,657,1985-86,Bob Yoder,27-2,.931,National Runner-Up
Southern California,657,1984-85,Bob Yoder,28-9,.757,National Runner-Up
Southern California,657,1983-84,Bob Yoder,29-13,.690,""
Southern California,657,1982-83,Bob Yoder,14-13,.519,""
Southern California,657,1981-82,Bob Yoder,22-10,.688,""
Southern California,657,1980-81,Ernie Hix,21-5,.808,National Runner-Up
Southern California,657,1979-80,Ernie Hix,22-6,.786,National Champions
Southern California,657,1978-79,Ernie Hix,23-5,.821,National Runner-Up
Southern California,657,1977-78,Ernie Hix,14-7,.667,""
Southern California,657,1976-77,Ernie Hix,18-1,.947,National Champions
Southern California,657,1975-76,Ernie Hix,11-13,.458,""
Southern California,657,1974-75,Ernie Hix,10-8,.556,""
Southern California,657,1973-74,Ernie Hix,19-4,.826,""
Southern California,657,1972-73,Dick Montgomery,9-5,.643,""
Southern California,657,1971-72,Dick Montgomery,3-7,.300,""
Southern California,657,1970-71,Dick Montgomery,2-9,.182,""
Southern California,657,1969-70,John Smith,1-6,.143,First Season of Competition
Southern Vt.,1379,2014-15,Stephanie Perna,0-0,.000,""
Southern Vt.,1379,2013-14,Deon Jones,13-13,.500,""
Southern Vt.,1379,2012-13,Joshua Stokes,11-21,.344,""
Southern Vt.,1379,2011-12,Joshua Stokes,12-19,.387,""
Southern Vt.,1379,2010-11,Joshua Stokes,5-18,.217,""
Southern Vt.,1379,2009-10,Carmine Garofalo,1-18,.053,""
Southern Vt.,1379,2008-09,Tim Cole,2-16,.111,""
Southern Vt.,1379,2007-08,Angie Hillman,0-19,.000,""
Southern Vt.,1379,2006-07,Ahmad Jumili,0-11,.000,First Season of Competition
Springfield,673,2014-15,Charlie Sullivan,0-0,.000,""
Springfield,673,2013-14,Charlie Sullivan,27-7,.794,""
Springfield,673,2012-13,Charlie Sullivan,32-3,.914,""
Springfield,673,2011-12,Charlie Sullivan,33-5,.868,National Champions
Springfield,673,2010-11,Charlie Sullivan,18-15,.545,""
Springfield,673,2009-10,Charlie Sullivan,20-11,.645,""
Springfield,673,2008-09,Charlie Sullivan,14-10,.583,""
Springfield,673,2007-08,Charlie Sullivan,20-7,.741,""
Springfield,673,2006-07,Charlie Sullivan,19-10,.655,""
Springfield,673,2005-06,Charlie Sullivan,10-15,.400,""
Springfield,673,2004-05,Charlie Sullivan,6-15,.286,""
Springfield,673,2003-04,Charlie Sullivan,7-16,.304,""
Springfield,673,2002-03,Charlie Sullivan,22-8,.733,""
Springfield,673,2001-02,Charlie Sullivan,20-9,.690,""
Springfield,673,2000-01,Charlie Sullivan,8-15,.348,""
Springfield,673,1999-00,Charlie Sullivan,17-10,.630,""
Springfield,673,1998-99,Charlie Sullivan,10-9,.526,""
Springfield,673,1997-98,Sean Byron,16-11,.593,""
Springfield,673,1996-97,Sean Byron,15-7,.682,""
Springfield,673,1995-96,Joel Dearing,22-7,.759,""
Springfield,673,1994-95,Joel Dearing,17-7,.708,""
Springfield,673,1993-94,Joel Dearing,19-8,.704,""
Springfield,673,1992-93,Joel Dearing,17-9,.654,""
Springfield,673,1991-92,Joel Dearing,15-7,.682,""
Springfield,673,1990-91,Joel Dearing,19-8,.704,""
Springfield,673,1989-90,Joel Dearing,21-6,.778,""
Springfield,673,1988-89,Rich Pickrell,12-14,.462,""
Springfield,673,1987-88,Rich Pickrell,21-8,.724,""
Springfield,673,1986-87,Tom Hay,13-11,.542,""
Springfield,673,1985-86,Tom Hay,15-20,.429,""
Springfield,673,1984-85,Tom Hay,23-11-3,.662,""
Springfield,673,1983-84,Tom Hay,15-11-5,.565,""
Springfield,673,1982-83,Tom Hay,18-11-3,.609,""
Springfield,673,1981-82,Tom Hay,18-11-1,.617,""
Springfield,673,1980-81,Tom Hay,22-6-3,.758,""
Springfield,673,1979-80,Tom Hay,20-12-3,.614,""
Springfield,673,1978-79,Tom Hay,22-10,.688,""
Springfield,673,1977-78,Tom Hay,22-4,.846,""
Springfield,673,1976-77,Tom Hay,20-8,.714,""
Springfield,673,1975-76,Tom Hay,22-9-1,.703,""
Springfield,673,1974-75,Tom Hay,25-8-3,.736,""
Springfield,673,1973-74,Tom Hay,21-4,.840,""
Springfield,673,1972-73,Tom Hay,10-2,.833,""
Springfield,673,1971-72,Tom Hay,27-6-2,.800,""
Springfield,673,1970-71,Tom Hay,27-1-1,.948,""
Springfield,673,1969-70,Tom Hay,24-13,.649,First Season of Competition
St. Joseph's (Brkln),30072,2014-15,Kristin Wulff,0-0,.000,""
St. Joseph's (Brkln),30072,2013-14,Kristin Wulff,8-12,.400,""
St. Joseph's (Brkln),30072,2012-13,Kristin Wulff,7-14,.333,""
St. Joseph's (Brkln),30072,2011-12,Kristin Wulff,6-13,.316,""
St. Joseph's (Brkln),30072,2010-11,Barbara Cwiekala,0-18,.000,""
St. Joseph's (Brkln),30072,2009-10,Barbara Cwiekala,1-17,.056,""
St. Joseph's (Brkln),30072,2008-09,Barbara Cwiekala,1-18,.053,First year of program
Stanford,674,2014-15,John Kosty,0-0,.000,""
Stanford,674,2013-14,John Kosty,24-9,.727,""
Stanford,674,2012-13,John Kosty,15-13,.536,""
Stanford,674,2011-12,John Kosty,22-7,.759,""
Stanford,674,2010-11,John Kosty,19-9,.679,""
Stanford,674,2009-10,John Kosty,24-6,.800,National Champions
Stanford,674,2008-09,John Kosty,21-11,.656,""
Stanford,674,2007-08,John Kosty,17-11,.607,""
Stanford,674,2006-07,John Kosty,3-25,.107,""
Stanford,674,2005-06,Don Shaw,4-24,.143,""
Stanford,674,2004-05,Don Shaw,11-15,.423,""
Stanford,674,2003-04,Don Shaw,9-18,.333,""
Stanford,674,2002-03,Don Shaw,17-12,.586,""
Stanford,674,2001-02,Don Shaw,17-9,.654,""
Stanford,674,2000-01,Ruben Nieves,14-9,.609,""
Stanford,674,1999-00,Ruben Nieves,10-13,.435,""
Stanford,674,1998-99,Ruben Nieves,10-12,.455,""
Stanford,674,1997-98,Ruben Nieves,15-8,.652,""
Stanford,674,1996-97,Ruben Nieves,27-3,.900,National Champion
Stanford,674,1995-96,Ruben Nieves,15-8,.652,""
Stanford,674,1994-95,Ruben Nieves,18-7,.720,""
Stanford,674,1993-94,Ruben Nieves,20-9,.690,""
Stanford,674,1992-93,Ruben Nieves,18-6,.750,""
Stanford,674,1991-92,Ruben Nieves,24-4,.857,National Runner-Up
Stanford,674,1990-91,Ruben Nieves,8-13,.381,""
Stanford,674,1989-90,Fred Sturm,14-7,.667,""
Stanford,674,1988-89,Fred Sturm,25-6,.806,National Runner-Up
Stanford,674,1987-88,Fred Sturm,11-19,.367,""
Stanford,674,1986-87,Fred Sturm,20-12,.625,""
Stanford,674,1985-86,Fred Sturm,14-9,.609,""
Stanford,674,1984-85,"Don Shaw(23-10)
               
               -
               Fred Sturm(23-10)",23-10,.697,""
Stanford,674,1983-84,"Don Shaw(13-15)
               
               -
               Fred Sturm(13-15)",13-15,.464,""
Stanford,674,1982-83,Fred Sturm,8-16,.333,""
Stanford,674,1981-82,Fred Sturm,7-18,.280,""
Stanford,674,1980-81,Fred Sturm,6-17,.261,""
Stanford,674,1979-80,Fred Sturm,8-12,.400,""
Stanford,674,1978-79,Fred Sturm,4-16,.200,""
Stanford,674,1977-78,Art Lambert,13-7,.650,""
Stanford,674,1976-77,Art Lambert,13-6-2,.667,First Season of Competition
Stevens,679,2014-15,Patrick Dorywalski,0-0,.000,""
Stevens,679,2013-14,Patrick Dorywalski,22-10,.688,""
Stevens,679,2012-13,Patrick Dorywalski,25-9,.735,""
Stevens,679,2011-12,Patrick Dorywalski,28-8,.778,""
Stevens,679,2010-11,Patrick Dorywalski,18-12,.600,""
Stevens,679,2009-10,Patrick Dorywalski,20-12,.625,""
Stevens,679,2008-09,Patrick Dorywalski,26-7,.788,""
Stevens,679,2007-08,Patrick Dorywalski,21-12,.636,""
Stevens,679,2006-07,Patrick Dorywalski,33-9,.786,""
Stevens,679,2005-06,Patrick Dorywalski,27-12,.692,""
Stevens,679,2004-05,Patrick Dorywalski,25-9,.735,""
Stevens,679,2003-04,Patrick Dorywalski,33-4,.892,""
Stevens,679,2002-03,Patrick Dorywalski,27-10,.730,""
Stevens,679,2001-02,Patrick Dorywalski,18-14,.562,""
Stevens,679,2000-01,Patrick Dorywalski,18-11,.621,""
Stevens,679,1999-00,Patrick Dorywalski,23-9,.719,""
Stevens,679,1998-99,Patrick Dorywalski,18-13,.581,""
Stevens,679,1997-98,Patrick Dorywalski,19-8,.704,""
Stevens,679,1996-97,Patrick Dorywalski,10-12,.455,""
Stevens,679,1995-96,Patrick Dorywalski,6-15,.286,""
Stevens,679,1994-95,Patrick Dorywalski,14-13,.519,""
Stevens,679,1993-94,Patrick Dorywalski,9-11,.450,""
Stevens,679,1992-93,Patrick Dorywalski,10-6,.625,""
Stevens,679,1991-92,Patrick Dorywalski,6-10,.375,""
Stevens,679,1990-91,Patrick Dorywalski,4-8,.333,""
Stevens,679,1989-90,Patrick Dorywalski,11-3,.786,First Season of Competition
Stevenson,21852,2014-15,Steve Grossnickle,0-0,.000,""
Stevenson,21852,2013-14,Jeff Tagye,22-9,.710,""
Stevenson,21852,2012-13,Jeff Tagye,26-12,.684,""
Stevenson,21852,2011-12,Jeff Blake,20-13,.606,""
Stevenson,21852,2010-11,Jeff Blake,26-7,.788,""
Stevenson,21852,2009-10,Jeff Blake,11-15,.423,""
Stevenson,21852,2008-09,Jeff Blake,20-13,.606,""
Stevenson,21852,2007-08,Jeff Blake,15-17,.469,""
Stevenson,21852,2006-07,Jeff Blake,11-21,.344,""
Stevenson,21852,2005-06,Jeff Blake,15-11,.577,""
Stevenson,21852,2004-05,John Riggle,13-11,.542,""
Stevenson,21852,2003-04,Herb Simon,4-16,.200,""
Stevenson,21852,2002-03,Peter Letourneau,4-12,.250,""
Stevenson,21852,2001-02,Kelli Wilkinson,10-8-3,.548,""
Stevenson,21852,2000-01,Kelli Wilkinson,6-12,.333,""
Stevenson,21852,1999-00,Madge Ferreira,16-10,.615,""
Stevenson,21852,1998-99,Madge Ferreira,12-4,.750,Inaugural Varsity Season
SUNY New Paltz,475,2014-15,Radu Petrus,0-0,.000,""
SUNY New Paltz,475,2013-14,Radu Petrus,32-4,.889,""
SUNY New Paltz,475,2012-13,Radu Petrus,27-6,.818,""
SUNY New Paltz,475,2011-12,Radu Petrus,19-11,.633,""
SUNY New Paltz,475,2010-11,Radu Petrus,20-13,.606,""
SUNY New Paltz,475,2009-10,Radu Petrus,19-16,.543,""
SUNY New Paltz,475,2008-09,Radu Petrus,22-13,.629,""
SUNY New Paltz,475,2007-08,Radu Petrus,11-22,.333,""
SUNY New Paltz,475,2006-07,Radu Petrus,22-10,.688,""
SUNY Poly,9500,2014-15,Daniel Liberto,0-0,.000,""
SUNY Poly,9500,2013-14,Jake Bluhm,19-5,.792,""
SUNY Poly,9500,2012-13,Jake Bluhm,10-18,.357,""
SUNY Poly,9500,2011-12,Jake Bluhm,3-28,.097,""
SUNY Poly,9500,2010-11,Rebecca Fletcher,9-16,.360,""
SUNY Poly,9500,2009-10,Rebecca Fletcher,9-18,.333,""
SUNY Poly,9500,2008-09,Rebecca Fletcher,1-27,.036,""
SUNY Poly,9500,2007-08,Rebecca Fletcher,5-19,.208,First Season of Competition
Thiel,707,2014-15,Adam Roche,0-0,.000,""
Thiel,707,2013-14,Steven Brewer,13-18,.419,""
Thiel,707,2012-13,Steven Brewer,20-12,.625,""
Thiel,707,2011-12,Steven Brewer,16-18,.471,""
Thiel,707,2010-11,Steven Brewer,10-20,.333,First Season as Varsity Sport
UC Irvine,109,2014-15,David Kniffin,0-0,.000,""
UC Irvine,109,2013-14,David Kniffin,18-11,.621,""
UC Irvine,109,2012-13,David Kniffin,25-7,.781,""
UC Irvine,109,2011-12,John Speraw,26-5,.839,National Champion
UC Irvine,109,2010-11,John Speraw,19-12,.613,""
UC Irvine,109,2009-10,John Speraw,15-15,.500,""
UC Irvine,109,2008-09,John Speraw,27-5,.844,National Champion
UC Irvine,109,2007-08,John Speraw,16-15,.516,""
UC Irvine,109,2006-07,John Speraw,29-5,.853,National Champion
UC Irvine,109,2005-06,John Speraw,27-5,.844,""
UC Irvine,109,2004-05,John Speraw,9-20,.310,""
UC Irvine,109,2003-04,John Speraw,14-18,.438,""
UC Irvine,109,2002-03,John Speraw,20-11,.645,""
UC Irvine,109,2001-02,Charlie Brande,12-17,.414,""
UC Irvine,109,2000-01,Charlie Brande,13-13,.500,""
UC Irvine,109,1999-00,Charlie Brande,10-17,.370,""
UC Irvine,109,1998-99,Charlie Brande,14-11,.560,""
UC Irvine,109,1997-98,Charlie Brande,9-15,.375,""
UC Irvine,109,1996-97,Charlie Brande,6-18,.250,""
UC Irvine,109,1995-96,Andy Read,8-17,.320,""
UC Irvine,109,1994-95,Andy Read,9-13,.409,""
UC Irvine,109,1993-94,Andy Read,2-20,.091,""
UC Irvine,109,1992-93,Andy Read,2-20,.091,""
UC Irvine,109,1991-92,Bill Ashen,5-19,.208,""
UC Irvine,109,1990-91,Bill Ashen,5-16,.238,""
UC Irvine,109,1989-90,Bill Ashen,8-14,.364,""
UC Irvine,109,1988-89,Bill Ashen,7-25,.219,""
UC Irvine,109,1987-88,Bill Ashen,7-18,.280,First Season of Competition
UC San Diego,112,2014-15,Kevin Ring,0-0,.000,""
UC San Diego,112,2013-14,Kevin Ring,4-23,.148,""
UC San Diego,112,2012-13,Kevin Ring,7-22,.241,""
UC San Diego,112,2011-12,Kevin Ring,9-19,.321,""
UC San Diego,112,2010-11,Kevin Ring,9-20,.310,""
UC San Diego,112,2009-10,Kevin Ring,11-19,.367,""
UC San Diego,112,2008-09,Kevin Ring,13-15,.464,""
UC San Diego,112,2007-08,Kevin Ring,10-19,.345,""
UC San Diego,112,2006-07,Kevin Ring,5-23,.179,""
UC San Diego,112,2005-06,Kevin Ring,2-27,.069,""
UC San Diego,112,2004-05,Ron Larsen,2-24,.077,""
UC San Diego,112,2003-04,Ron Larsen,8-21,.276,""
UC San Diego,112,2002-03,Ron Larsen,6-22,.214,""
UC San Diego,112,2001-02,Ron Larsen,7-23,.233,""
UC San Diego,112,2000-01,Ron Larsen,6-21,.222,""
UC San Diego,112,1999-00,Ron Larsen,8-18,.308,""
UC San Diego,112,1998-99,Jon Stevenson,5-20,.200,""
UC San Diego,112,1997-98,Duncan McFarland,4-20,.167,""
UC San Diego,112,1996-97,Duncan McFarland,5-21,.192,""
UC San Diego,112,1995-96,Doug Dannevik,11-21,.344,""
UC San Diego,112,1994-95,Doug Dannevik,2-21,.087,""
UC San Diego,112,1993-94,Doug Dannevik,2-23,.080,""
UC San Diego,112,1992-93,Ron Wilde,2-23,.080,""
UC San Diego,112,1991-92,Ron Wilde,2-25,.074,""
UC San Diego,112,1990-91,Digger Graybill,7-8,.467,""
UC San Diego,112,1989-90,Digger Graybill,10-16,.385,""
UC San Diego,112,1988-89,Digger Graybill,17-18,.486,First Season of Competition
UC Santa Barbara,104,2014-15,Rick McLaughlin,0-0,.000,""
UC Santa Barbara,104,2013-14,Rick McLaughlin,18-9,.667,""
UC Santa Barbara,104,2012-13,Rick McLaughlin,15-16,.484,""
UC Santa Barbara,104,2011-12,Rick McLaughlin,7-19,.269,""
UC Santa Barbara,104,2010-11,Rick McLaughlin,18-15,.545,National Runner-Up
UC Santa Barbara,104,2009-10,Rick McLaughlin,13-16,.448,""
UC Santa Barbara,104,2008-09,Rick McLaughlin,8-19,.296,""
UC Santa Barbara,104,2007-08,Ken Preston,10-17,.370,""
UC Santa Barbara,104,2006-07,Ken Preston,20-12,.625,""
UC Santa Barbara,104,2005-06,Ken Preston,13-16,.448,""
UC Santa Barbara,104,2004-05,Ken Preston,16-14,.533,""
UC Santa Barbara,104,2003-04,Ken Preston,14-16,.467,""
UC Santa Barbara,104,2002-03,Ken Preston,10-20,.333,""
UC Santa Barbara,104,2001-02,Ken Preston,18-11,.621,""
UC Santa Barbara,104,2000-01,Ken Preston,12-12,.500,""
UC Santa Barbara,104,1999-00,Ken Preston,12-13,.480,""
UC Santa Barbara,104,1998-99,Ken Preston,9-15,.375,""
UC Santa Barbara,104,1997-98,Ken Preston,10-13,.435,""
UC Santa Barbara,104,1996-97,Ken Preston,17-9,.654,""
UC Santa Barbara,104,1995-96,Ken Preston,18-8,.692,""
UC Santa Barbara,104,1994-95,Ken Preston,18-9,.667,""
UC Santa Barbara,104,1993-94,Ken Preston,13-13,.500,""
UC Santa Barbara,104,1992-93,Ken Preston,15-14,.517,""
UC Santa Barbara,104,1991-92,Ken Preston,15-13,.536,""
UC Santa Barbara,104,1990-91,Ken Preston,10-20,.333,""
UC Santa Barbara,104,1989-90,Ken Preston,13-15,.464,""
UC Santa Barbara,104,1988-89,Ken Preston,25-13,.658,""
UC Santa Barbara,104,1987-88,Ken Preston,28-11,.718,National Runner-Up
UC Santa Barbara,104,1986-87,Ken Preston,28-12,.700,""
UC Santa Barbara,104,1985-86,Ken Preston,20-12,.625,""
UC Santa Barbara,104,1984-85,Ken Preston,23-15,.605,""
UC Santa Barbara,104,1983-84,Ken Preston,34-12,.739,""
UC Santa Barbara,104,1982-83,Ken Preston,24-10,.706,""
UC Santa Barbara,104,1981-82,Ken Preston,18-9,.667,""
UC Santa Barbara,104,1980-81,Ken Preston,24-10,.706,""
UC Santa Barbara,104,1979-80,Ken Preston,18-7,.720,""
UC Santa Barbara,104,1978-79,Ken Preston,11-10,.524,""
UC Santa Cruz,113,2014-15,Todd Hollenbeck,0-0,.000,""
UC Santa Cruz,113,2013-14,Todd Hollenbeck,14-12,.538,""
UC Santa Cruz,113,2012-13,Todd Hollenbeck,15-8,.652,""
UC Santa Cruz,113,2011-12,Todd Hollenbeck,17-7,.708,""
UC Santa Cruz,113,2010-11,Jonah Carson,7-13,.350,""
UC Santa Cruz,113,2009-10,Jonah Carson,15-7,.682,""
UC Santa Cruz,113,2008-09,Jonah Carson,15-10,.600,""
UC Santa Cruz,113,2007-08,Jonah Carson,0-0,.000,""
UC Santa Cruz,113,2006-07,Jonah Carson,0-0,.000,""
UC Santa Cruz,113,2005-06,Jonah Carson,14-10,.583,""
UCLA,110,2014-15,John Speraw,0-0,.000,""
UCLA,110,2013-14,John Speraw,18-11,.621,""
UCLA,110,2012-13,John Speraw,21-11,.656,""
UCLA,110,2011-12,Al Scates,22-8,.733,""
UCLA,110,2010-11,Al Scates,16-15,.516,""
UCLA,110,2009-10,Al Scates,16-14,.533,""
UCLA,110,2008-09,Al Scates,14-16,.467,""
UCLA,110,2007-08,Al Scates,17-14,.548,""
UCLA,110,2006-07,Al Scates,19-11,.633,""
UCLA,110,2005-06,Al Scates,26-12,.684,NCAA National Champion
UCLA,110,2004-05,Al Scates,26-6,.812,National Runner-Up
UCLA,110,2003-04,Al Scates,24-6,.800,""
UCLA,110,2002-03,Al Scates,15-14,.517,""
UCLA,110,2001-02,Al Scates,25-7,.781,""
UCLA,110,2000-01,Al Scates,24-8,.750,National Runner-Up
UCLA,110,1999-00,Al Scates,29-5,.853,NCAA National Champion
UCLA,110,1998-99,Al Scates,20-7,.741,""
UCLA,110,1997-98,Al Scates,28-4,.875,NCAA National Champion
UCLA,110,1996-97,Al Scates,24-5,.828,National Runner-Up
UCLA,110,1995-96,Al Scates,26-5,.839,NCAA National Champion
UCLA,110,1994-95,Al Scates,31-1,.969,NCAA National Champion
UCLA,110,1993-94,Al Scates,27-2,.931,National Runner-Up
UCLA,110,1992-93,Al Scates,24-3,.889,NCAA National Champion
UCLA,110,1991-92,Al Scates,17-7,.708,""
UCLA,110,1990-91,Al Scates,16-9,.640,""
UCLA,110,1989-90,Al Scates,23-5,.821,""
UCLA,110,1988-89,Al Scates,29-5,.853,NCAA National Champion
UCLA,110,1987-88,Al Scates,28-10,.737,""
UCLA,110,1986-87,Al Scates,38-3,.927,NCAA National Champion
UCLA,110,1985-86,Al Scates,30-9,.769,""
UCLA,110,1984-85,Al Scates,32-8,.800,""
UCLA,110,1983-84,Al Scates,38-0,1.000,NCAA National Champion
UCLA,110,1982-83,Al Scates,27-4,.871,NCAA National Champion
UCLA,110,1981-82,Al Scates,29-0,1.000,NCAA National Champion
UCLA,110,1980-81,Al Scates,32-3,.914,NCAA National Champion
UCLA,110,1979-80,Al Scates,32-2,.941,""
UCLA,110,1978-79,Al Scates,30-0,1.000,NCAA National Champion
UCLA,110,1977-78,Al Scates,21-3,.875,""
UCLA,110,1976-77,Al Scates,19-4,.826,""
UCLA,110,1975-76,Al Scates,15-2,.882,NCAA National Champion
UCLA,110,1974-75,Al Scates,27-8,.771,NCAA National Champion
UCLA,110,1973-74,Al Scates,30-5,.857,NCAA National Champion
UCLA,110,1972-73,Al Scates,21-8,.724,""
UCLA,110,1971-72,Al Scates,27-7,.794,NCAA National Champion
UCLA,110,1970-71,Al Scates,29-1,.967,NCAA National Champion
UCLA,110,1969-70,Al Scates,24-1,.960,First NCAA DI Season/NCAA National Champion
UCLA,110,1968-69,Al Scates,27-3,.900,""
UCLA,110,1967-68,Al Scates,24-5,.828,""
UCLA,110,1966-67,Al Scates,23-3,.885,""
UCLA,110,1965-66,Al Scates,25-3,.893,""
UCLA,110,1964-65,Al Scates,24-2,.923,""
UCLA,110,1963-64,Al Scates,23-4,.852,""
UCLA,110,1962-63,Al Scates,26-3,.897,""
Vassar,737,2014-15,Rob Wolter,0-0,.000,""
Vassar,737,2013-14,Rob Wolter,10-21,.323,""
Vassar,737,2012-13,Rob Wolter,20-13,.606,""
Vassar,737,2011-12,Rob Wolter,19-11,.633,""
Vassar,737,2010-11,Jonathan Penn,17-13,.567,""
Vassar,737,2009-10,Antonia Sweet,18-9,.667,""
Vassar,737,2008-09,Jonathan Penn,19-8,.704,""
Vassar,737,2007-08,Jonathan Penn,26-7,.788,""
Vassar,737,2006-07,Paul Yee,8-15,.348,""
Vassar,737,2005-06,Jonathan Penn,2-17,.105,""
Vassar,737,2004-05,Jonathan Penn,5-16,.238,""
Vassar,737,2003-04,Jonathan Penn,3-18,.143,""
Vassar,737,2002-03,Jonathan Penn,17-6,.739,""
Vassar,737,2001-02,Jonathan Penn,18-4,.818,""
Vassar,737,2000-01,Jonathan Penn,12-13,.480,""
Vassar,737,1999-00,Jonathan Penn,14-10,.583,""
Vassar,737,1998-99,Jonathan Penn,8-12,.400,""
Vassar,737,1997-98,Jonathan Penn,5-16,.238,""
Vassar,737,1996-97,Jonathan Penn,12-8,.600,""
Vassar,737,1995-96,Bob McCarthy,11-12,.478,""
Vassar,737,1994-95,Bob McCarthy,19-9,.679,""
Vassar,737,1993-94,Bob McCarthy,18-9,.667,""
Vassar,737,1992-93,Bob McCarthy,7-14,.333,""
Vassar,737,1991-92,Bob McCarthy,11-11,.500,""
Vassar,737,1990-91,Bob McCarthy,12-13,.480,""
Vassar,737,1989-90,Steve Buonfiglio,16-12,.571,""
Vassar,737,1988-89,Margaret Campbell,8-17,.320,""
Vassar,737,1987-88,David Lee,0-0,.000,Record Unknown
Vassar,737,1986-87,Roy Bell,0-0,.000,Record Unknown
Vassar,737,1985-86,Roy Bell,14-5,.737,""
Vassar,737,1984-85,Roy Bell,0-0,.000,Record Unknown
Vassar,737,1983-84,Vic Van Carpels,0-0,.000,Record Unknown
Vassar,737,1982-83,Mike Senkier,0-0,.000,Record Unknown
Washington Adventist,1029,2013-14,Richie Silie,0-0,.000,""
Washington Adventist,1029,2012-13,Richie Silie,4-11,.267,""
Washington Adventist,1029,2011-12,Richie Silie,2-7,.222,""
Washington Adventist,1029,2010-11,Richie Silie,1-9,.100,""
Wells,761,2014-15,Richard Gary,0-0,.000,""
Wells,761,2013-14,Richard Gary,16-11,.593,""
Wells,761,2012-13,Richard Gary,7-19,.269,""
Wells,761,2011-12,Richard Gary,1-19,.050,""
Wentworth,762,2014-15,Evin Giglio,0-0,.000,""
Wentworth,762,2013-14,Evin Giglio,27-8,.771,""
Wentworth,762,2012-13,Evin Giglio,20-11,.645,""
Wentworth,762,2011-12,Evin Giglio,13-16,.448,""
Wentworth,762,2010-11,Rob Mullowney,20-11,.645,""
Wentworth,762,2009-10,Rob Mullowney,16-10,.615,""
Wentworth,762,2008-09,Nam Phan,9-12,.429,""
Wentworth,762,2007-08,Nam Phan,3-15,.167,""
Wentworth,762,2006-07,Jason Jeffers,3-16,.158,""
Wentworth,762,2005-06,Jason Jeffers,4-24,.143,""
Wentworth,762,2004-05,Jason Jeffers,12-13,.480,""
Wentworth,762,2003-04,Jason Jeffers,6-19,.240,""
Wentworth,762,2002-03,Jason Jeffers,8-16,.333,""
Wentworth,762,2001-02,Kevin Russell,6-13,.316,""
Wentworth,762,2000-01,Kevin Russell,15-10,.600,""
Wentworth,762,1999-00,Phuong Luong,19-6,.760,""
Wentworth,762,1998-99,Phuong Luong,13-13,.500,""
Wentworth,762,1997-98,Jan Raich,9-10,.474,""
Wentworth,762,1996-97,Jan Raich,7-4,.636,First Season of Competition
Yeshiva,814,2014-15,Jacqui Dauphinais,0-0,.000,""
Yeshiva,814,2013-14,Arnold Ross,10-17,.370,""
Yeshiva,814,2012-13,Arnold Ross,13-18,.419,""
Yeshiva,814,2011-12,Arnold Ross,13-18,.419,""
Yeshiva,814,2010-11,Arnold Ross,12-12,.500,""
Yeshiva,814,2009-10,Arnold Ross,14-14,.500,""
York (NY),2730,2014-15,Andre M. Titus Jr.,0-0,.000,""
York (NY),2730,2013-14,Andre M. Titus Jr.,20-18,.526,""
York (NY),2730,2012-13,Andre M. Titus Jr.,24-15,.615,""
York (NY),2730,2011-12,Andre M. Titus Jr.,19-14,.576,""
York (NY),2730,2010-11,Andre M. Titus Jr.,15-20,.429,""
York (NY),2730,2009-10,Andre M. Titus Jr.,14-19,.424,""
York (NY),2730,2008-09,Andre M. Titus Jr.,9-25,.265,""
York (NY),2730,2007-08,Andre M. Titus Jr.,5-25,.167,""
York (NY),2730,2006-07,Andre M. Titus Jr.,1-16,.059,""
York (NY),2730,2005-06,Andre M. Titus Jr.,8-9,.471,""
York (NY),2730,2004-05,Andre M. Titus Jr.,0-0,.000,""
York (NY),2730,2003-04,Andre M. Titus Jr.,0-0,.000,""
York (NY),2730,2002-03,Andre M. Titus Jr.,0-0,.000,""
York (NY),2730,2001-02,Andre M. Titus Jr.,0-0,.000,""
York (NY),2730,2000-01,Andre M. Titus Jr.,0-0,.000,""
York (NY),2730,1999-00,Andre M. Titus Jr.,0-0,.000,""
